word,fear,negative,positive,sadness
abandon,12,12,0,12
abandoned,27,27,0,27
abandonment,3,3,0,3
abhor,1,1,0,0
abhorrent,2,2,0,0
ability,0,0,106,0
abject,0,12,0,0
abnormal,0,12,0,0
abolish,0,6,0,0
abolition,0,1,0,0
abominable,1,1,0,0
abomination,3,3,0,0
abortion,38,38,0,38
abovementioned,0,0,1,0
absence,37,37,0,37
absent,0,13,0,13
absentee,0,19,0,19
absolute,0,0,91,0
absorbed,0,0,2,0
absurd,0,31,0,0
absurdity,0,4,0,0
abundance,0,5,5,0
abundant,0,0,2,0
abuse,86,86,0,86
abysmal,0,5,0,5
abyss,8,8,0,8
academic,0,0,107,0
academy,0,0,49,0
acceptable,0,0,40,0
acceptance,0,0,12,0
accessible,0,0,47,0
accident,70,70,0,70
accidental,1,1,0,0
accolade,0,0,1,0
accommodation,0,0,22,0
accomplish,0,0,3,0
accomplished,0,0,9,0
accomplishment,0,0,6,0
accord,0,0,14,0
accountability,0,0,35,0
accountable,0,0,56,0
accredited,0,0,11,0
accurate,0,0,138,0
accusation,0,3,0,0
accused,68,68,0,0
accuser,3,3,0,0
accusing,9,9,0,0
ace,0,0,20,0
ache,0,4,0,4
achieve,0,0,97,0
achievement,0,0,29,0
acid,0,24,0,0
acquire,0,0,15,0
acquiring,0,0,12,0
action,0,0,492,0
actionable,0,9,0,0
actual,0,0,167,0
acuity,0,0,1,0
acumen,0,0,1,0
adapt,0,0,143,0
adaptable,0,0,2,0
addiction,0,43,0,0
addresses,0,0,22,0
adept,0,0,3,0
adipose,0,1,0,0
adjunct,0,0,3,0
admirable,0,0,4,0
admiral,0,0,5,0
admiration,0,0,3,0
admire,0,0,5,0
adorable,0,0,9,0
adoration,0,0,2,0
adore,0,0,5,0
adultery,0,1,0,1
advance,73,0,73,0
advanced,0,0,73,0
advancement,0,0,12,0
advantage,0,0,71,0
advent,0,0,3,0
adventure,0,0,23,0
adventurous,0,0,5,0
adversary,0,1,0,0
adverse,30,30,0,30
adversity,16,16,0,16
advisable,0,0,6,0
advise,0,0,58,0
adviser,0,0,35,0
advocacy,0,0,57,0
aesthetics,0,0,3,0
affection,0,0,1,0
affiliated,0,0,10,0
affirmation,0,0,7,0
affirmative,0,0,4,0
afflicted,0,11,0,0
affliction,2,2,0,2
affluence,0,0,1,0
affluent,0,0,8,0
afford,0,0,104,0
affront,1,1,0,1
afraid,144,144,0,0
aftermath,25,25,0,25
aftertaste,0,1,0,0
aga,29,0,29,0
aggravated,0,2,0,0
aggravating,0,1,0,1
aggression,4,4,0,0
aggressive,47,47,0,0
aghast,1,1,0,0
agile,0,0,54,0
agility,0,0,26,0
agitation,0,1,0,0
agonizing,3,3,0,0
agony,4,4,0,4
agree,0,0,329,0
agreeable,0,0,1,0
agreed,0,0,101,0
agreeing,0,0,7,0
agreement,0,0,93,0
agriculture,0,0,92,0
ahead,0,0,407,0
aid,0,0,278,0
aiding,0,0,15,0
ailing,3,3,0,3
aimless,0,2,0,0
airs,0,4,0,0
alarm,42,42,0,0
alarming,85,85,0,0
alcoholism,1,1,0,1
alertness,1,0,1,0
alerts,21,0,0,0
alien,23,23,0,0
alienated,0,1,0,1
alive,0,0,126,0
allay,0,0,1,0
allegation,0,3,0,0
allege,0,6,0,0
allegiance,0,0,2,0
allegro,0,0,1,0
alleviate,0,0,13,0
alleviation,0,0,3,0
allied,0,0,5,0
alluring,0,0,1,0
ally,0,0,13,0
almighty,0,0,23,0
aloha,0,0,7,0
aloof,0,1,0,0
amazingly,0,0,9,0
ambassador,0,0,38,0
ambiguous,0,6,0,0
ambition,0,0,8,0
ambulance,55,0,0,0
ambush,2,2,0,0
amen,0,0,27,0
amenable,0,0,2,0
amend,0,0,6,0
amends,0,0,3,0
amicable,0,0,1,0
amnesia,0,1,0,0
amnesty,0,0,13,0
amuse,0,0,3,0
amused,0,0,2,0
amusement,0,0,16,0
amusing,0,0,3,0
anal,0,10,0,0
analyst,0,0,30,0
anarchism,1,1,0,0
anarchist,3,3,0,0
anarchy,7,7,0,0
anchor,0,0,18,0
anchorage,0,0,8,8
ancient,0,25,0,0
angel,0,0,16,0
anger,0,50,0,0
angina,1,1,0,0
angling,0,1,0,0
angry,0,78,0,0
anguish,3,3,0,3
animate,0,0,2,0
animated,0,0,20,0
animosity,2,2,0,2
annihilate,1,1,0,0
annihilated,1,1,0,1
annihilation,2,2,0,2
annoy,0,3,0,0
annoying,0,25,0,0
annul,0,1,0,0
anomaly,5,5,0,0
anonymous,0,28,0,0
antagonist,0,1,0,0
antagonistic,0,1,0,0
antibiotics,0,0,11,0
antichrist,4,4,0,0
antidote,0,0,6,0
antiquated,0,1,0,0
antique,0,0,7,0
antisocial,3,3,0,3
antithesis,0,1,0,0
anxiety,250,250,0,250
anxious,60,60,0,0
apache,3,3,0,0
apathetic,0,1,0,1
apathy,0,7,0,7
apologetic,0,0,1,0
apologize,0,0,15,15
apology,0,0,21,0
apostle,0,0,2,0
appalling,38,38,0,0
appendicitis,3,3,0,3
applause,0,0,13,0
appreciation,0,0,36,0
apprehend,1,0,0,0
apprehension,3,3,0,0
apprehensive,4,4,0,0
appropriation,0,3,0,0
approval,0,0,113,0
approve,0,0,72,0
approving,0,0,12,0
apt,0,0,17,0
archaic,0,1,0,0
ardent,0,0,3,0
argue,0,42,0,0
argument,0,47,0,0
arid,0,1,0,1
aristocracy,0,0,2,0
aristocratic,0,0,1,0
armed,30,30,30,0
armored,1,0,0,0
array,0,0,10,0
arrears,0,1,0,0
arrest,0,67,0,0
arrogance,0,10,0,0
arrogant,0,20,0,0
arson,1,1,0,0
art,0,0,377,377
articulate,0,0,7,0
articulation,0,0,3,0
artillery,1,1,0,0
artisan,0,0,2,0
artiste,0,0,3,0
artistic,0,0,5,0
ash,0,6,0,0
ashamed,0,23,0,23
ashes,0,6,0,6
asp,5,0,0,0
aspiration,0,0,2,0
aspire,0,0,6,0
aspiring,0,0,7,0
ass,0,150,0,0
assassin,1,1,0,1
assassination,4,4,0,4
assault,40,40,0,0
assembly,0,0,76,0
assent,0,0,1,0
asserting,0,0,2,0
assets,0,0,24,0
asshole,0,30,0,0
assist,0,0,88,0
assistance,0,0,175,0
associate,0,0,37,0
assurance,0,0,9,0
assured,0,0,23,0
astonishingly,0,0,1,0
astray,1,1,0,0
astrologer,0,0,1,0
astronaut,0,0,4,0
astute,0,0,2,0
asylum,21,21,0,0
atheism,0,3,0,0
athlete,0,0,21,0
athletic,0,0,9,0
atrocious,0,5,0,0
atrocity,3,3,0,3
attachment,0,0,2,0
attack,151,151,0,0
attacking,39,39,0,39
attainment,0,0,1,0
attendant,0,0,9,0
attention,0,0,312,0
attentive,0,0,1,0
attenuated,0,3,0,0
attest,0,0,1,0
attorney,46,0,46,0
attraction,0,0,2,0
audacity,0,9,0,0
auditor,6,0,0,0
augment,0,0,8,0
august,0,0,3060,0
aunt,0,0,29,0
aura,0,0,7,0
auspicious,0,0,17,0
austerity,0,29,0,0
authentic,0,0,13,0
authenticity,0,0,10,0
author,0,0,63,0
authoritative,0,0,2,0
authority,0,0,94,0
authorization,0,0,25,0
authorized,0,0,18,0
autocratic,0,1,0,0
autopsy,12,12,0,12
avalanche,4,4,0,4
avatar,0,0,3,0
avenger,0,5,0,0
averse,3,3,0,0
avoid,441,441,0,0
avoidance,6,6,0,0
avoiding,47,0,0,0
award,0,0,86,0
awful,61,61,0,61
awkwardness,0,1,0,0
awry,0,3,0,0
ay,0,0,5,0
aye,0,0,10,0
babble,0,1,0,0
baboon,0,1,0,0
baby,0,0,194,0
baccalaureate,0,0,2,0
backbone,0,0,23,0
backward,0,9,0,0
backwards,0,11,0,0
bacteria,35,35,0,35
bad,670,670,0,670
badly,0,62,0,62
bait,5,5,0,0
balance,0,0,76,0
balanced,0,0,27,0
bale,1,1,0,0
balk,0,1,0,0
ballad,0,0,2,0
ballet,0,0,5,0
ballot,0,0,32,0
balm,0,5,5,0
ban,0,198,0,0
bandit,0,1,0,0
bane,11,11,0,0
bang,16,16,0,16
banger,6,6,0,0
banish,4,4,0,4
banished,1,1,0,1
bankrupt,16,16,0,16
bankruptcy,26,26,0,26
barb,0,2,0,0
barbarian,1,1,0,0
barbaric,1,1,0,0
bard,0,0,1,0
bargain,0,0,6,0
bark,0,4,0,0
barred,0,17,0,0
barricade,2,2,0,0
barrier,0,27,0,0
baseless,0,2,0,0
basketball,0,0,24,0
bastard,0,10,0,10
bath,0,0,12,0
batter,1,1,0,0
battered,10,10,0,10
battery,0,19,0,0
battle,0,293,0,0
battled,5,5,0,5
battlefield,2,2,0,0
beam,0,0,3,0
bear,55,0,0,0
bearer,0,2,0,0
bearish,1,0,0,0
beast,19,19,0,0
beating,84,84,0,84
beautiful,0,0,208,0
beautify,0,0,1,0
beauty,0,0,78,0
bedrock,0,0,5,0
bee,53,0,0,0
beer,0,0,57,0
befall,0,4,0,0
befriend,0,0,1,0
beg,0,20,0,20
beggar,0,9,0,9
begging,0,24,0,0
beholden,0,1,0,0
belated,0,1,0,0
believing,0,0,47,0
belittle,1,1,0,1
belligerent,2,2,0,0
belt,21,21,0,0
bender,0,1,0,0
benefactor,0,0,1,0
beneficial,0,0,17,0
benefit,0,0,154,0
benign,0,0,1,0
bereaved,0,7,0,7
bereavement,0,5,0,5
berserk,0,1,0,0
betray,0,9,0,9
betrayal,0,3,0,3
betterment,0,0,1,0
beverage,0,0,12,0
beware,52,52,0,0
bias,0,32,0,0
biased,0,17,0,0
biblical,0,0,9,0
bickering,0,3,0,0
bigot,14,14,0,0
bigoted,1,1,0,1
bile,0,1,0,0
bilingual,0,0,10,0
biopsy,1,1,0,0
birch,2,2,0,0
birth,65,0,65,0
birthday,0,0,159,0
birthplace,0,1,0,0
bitch,47,47,0,47
bite,0,24,0,0
bitterly,0,2,0,2
bitterness,0,1,0,1
bizarre,0,20,0,0
black,0,504,0,504
blackmail,3,3,0,0
blame,0,306,0,0
blameless,0,0,1,0
bland,0,3,0,0
blasphemy,0,5,0,0
blast,25,25,0,0
blatant,0,21,0,0
blather,0,2,0,0
blaze,0,4,0,0
bleak,0,16,0,16
bleeding,6,6,0,6
blemish,1,1,0,1
bless,0,0,130,0
blessed,0,0,85,0
blessing,0,0,50,0
blessings,0,0,58,0
blight,4,4,0,4
blind,0,68,0,0
blinded,0,8,0,0
blindly,0,23,0,23
blindness,0,1,0,1
bliss,0,0,5,0
blissful,0,0,3,0
bloated,0,6,0,0
blockade,5,5,0,5
bloodless,0,0,1,0
bloodshed,1,1,0,1
bloody,49,49,0,49
bloom,0,0,4,0
blossom,0,0,3,0
blower,0,3,0,0
blowout,0,2,0,0
blue,0,0,0,151
blues,26,26,0,26
blunder,0,8,0,8
blur,0,2,0,0
blurred,0,2,0,0
blush,0,1,0,0
boast,0,3,3,0
boasting,0,7,0,0
bodyguard,0,0,3,0
bog,0,5,0,0
bogus,0,23,0,0
boil,0,7,0,0
boisterous,0,2,2,0
bold,0,0,40,0
bolster,0,0,15,0
bomb,23,23,0,23
bombardment,1,1,0,0
bombed,0,1,0,0
bomber,7,0,0,7
bonanza,0,0,1,0
bonds,0,13,0,0
bonus,0,0,24,0
boo,0,17,0,0
bookish,0,0,2,0
bookworm,0,7,7,0
boon,0,0,8,0
booze,0,9,0,0
bore,0,4,0,0
boredom,0,13,0,13
boring,0,28,0,0
borrower,0,4,0,0
bother,0,24,0,0
bothering,0,5,0,5
bottom,0,62,0,62
bound,0,32,0,0
bountiful,0,0,1,0
bounty,0,0,17,0
bouquet,0,0,1,0
bout,0,29,0,0
boy,0,135,0,0
boycott,0,26,0,0
brag,0,6,0,0
brains,0,0,30,0
bravado,0,1,0,0
bravery,0,0,8,0
brawl,5,5,0,0
brazen,0,4,0,0
breach,0,38,0,0
breakdown,0,70,0,0
breakfast,0,0,37,0
breakneck,0,1,0,0
breakup,0,10,0,10
bribe,0,9,0,0
bribery,0,2,0,0
bridal,0,0,6,0
bride,0,0,8,0
brigade,14,14,0,0
brighten,0,0,7,0
brightness,0,0,1,0
brilliant,0,0,135,0
bristle,0,1,0,0
broke,136,136,0,136
broken,105,105,0,105
brothel,0,1,0,0
brother,0,0,358,0
brotherhood,0,0,3,0
brotherly,0,0,1,0
bruise,0,1,0,0
brunt,0,20,0,0
brutal,35,35,0,0
brutality,9,9,0,0
buck,36,36,36,0
buddy,0,0,25,0
buffet,0,9,0,0
bug,16,16,0,0
build,0,0,239,0
building,0,0,306,0
bulldog,0,0,1,0
bulletproof,0,0,3,0
bully,17,17,0,0
bum,0,3,0,3
bummer,0,7,0,0
bunker,10,0,0,0
buoy,0,0,1,0
burdensome,1,1,0,1
bureaucracy,0,6,0,0
bureaucrat,0,2,0,0
burial,10,10,0,10
buried,18,18,0,18
burke,7,7,0,7
burnt,0,5,0,0
bury,0,0,0,8
busted,13,13,0,0
butcher,5,5,0,0
butler,0,0,6,0
butt,0,22,0,0
buzz,15,0,15,0
cab,0,0,12,0
cabal,8,8,0,0
cabinet,0,0,109,0
cad,0,1,0,0
cafe,0,0,30,0
cage,0,8,0,8
calamity,0,0,0,12
calculating,0,6,0,0
calculator,0,0,13,0
calf,0,0,2,0
callous,0,8,0,0
calls,0,315,0,0
calm,0,0,73,0
campaigning,17,17,0,0
canary,0,0,11,0
cancel,0,141,0,141
cancer,345,345,0,345
candid,0,0,12,0
candidate,0,0,100,0
cane,4,0,0,0
capitalist,0,0,10,0
captain,0,0,28,0
captivating,0,0,3,0
captive,2,2,0,2
captivity,0,3,0,3
captor,1,1,0,0
capture,0,23,0,0
carcass,1,1,0,1
carcinoma,2,2,0,2
cardiomyopathy,1,1,0,1
career,0,0,114,0
careful,0,0,116,0
carefully,0,0,29,0
carelessness,0,8,0,0
caretaker,0,0,3,0
caricature,0,1,0,0
carnage,11,11,0,11
carol,0,0,7,0
cartel,0,3,0,0
cartridge,1,0,0,0
cascade,0,0,7,0
cash,193,0,193,0
casket,6,6,0,6
caste,0,8,0,0
casualty,20,20,0,20
cataract,2,2,0,2
catastrophe,38,38,0,38
cater,0,0,7,0
cathartic,0,0,2,0
cathedral,0,0,3,0
catheter,0,1,0,0
caution,44,44,0,0
cautionary,10,0,0,0
cautious,50,0,50,0
cautiously,22,0,22,0
cede,0,1,0,0
celebrated,0,0,47,0
celebrating,0,0,97,0
celebration,0,0,53,0
celebrity,0,19,19,0
cemetery,5,5,0,5
censor,11,11,0,0
center,0,0,322,0
centurion,0,0,2,0
cerebral,0,0,3,0
ceremony,0,0,58,0
certainty,0,0,21,0
chaff,1,1,0,0
chafing,0,1,0,0
chagrin,0,1,0,1
chairman,0,0,75,0
chairwoman,0,0,4,0
challenge,404,404,0,0
champion,0,0,40,0
change,899,0,0,0
chant,0,0,6,0
chaos,110,110,0,110
chaotic,0,14,0,0
charade,0,5,0,0
charger,0,0,2,0
charitable,0,0,13,0
charity,0,0,80,0
charm,0,0,1,0
charming,0,0,1,0
chase,0,21,0,0
chatty,0,2,0,0
cheap,0,67,0,0
cheat,0,18,0,0
checklist,0,0,23,0
cheer,0,0,24,0
cheerful,0,0,3,0
cheering,0,0,17,0
cheesecake,0,2,0,0
chemist,0,0,3,0
cherish,0,0,1,0
cherry,0,0,15,0
chicken,80,0,0,0
chieftain,0,0,2,0
child,0,0,451,0
childhood,0,0,42,0
childish,0,7,0,0
chirp,0,0,1,0
chocolate,0,0,21,0
choice,0,0,183,0
choir,0,0,16,0
choke,0,9,0,9
cholera,11,11,0,11
chop,0,8,0,0
choral,0,0,1,0
chorus,0,0,4,0
chosen,0,0,39,0
chronic,0,68,0,68
chronicle,0,0,7,0
chuckle,0,0,11,0
church,0,0,293,0
cider,0,0,2,0
cigarette,0,14,0,0
citizen,0,0,97,0
civil,0,0,167,0
civility,0,0,2,0
civilization,0,0,11,0
civilized,0,0,7,0
clairvoyant,0,0,1,0
clamor,0,1,0,0
clap,0,0,9,0
clarify,0,0,26,0
clash,0,19,0,0
classic,0,0,51,0
classical,0,0,6,0
classics,0,0,1,0
classify,0,0,5,0
claw,2,2,0,0
clean,0,0,292,0
cleaning,0,0,145,0
cleanliness,0,0,13,0
cleanse,0,0,3,0
cleansing,0,0,8,0
clearance,0,0,16,0
clearness,0,0,1,0
clever,0,0,15,0
cleverness,0,0,2,0
cliff,14,0,0,0
closeness,0,0,1,0
closure,0,0,93,93
clouded,0,3,0,3
cloudy,0,0,0,2
clown,0,0,39,0
clump,0,1,0,0
clumsy,0,3,0,0
coalition,0,0,37,0
coast,0,0,62,0
cobra,16,0,0,0
cocaine,0,11,0,11
coerce,1,1,0,0
coercion,3,3,0,3
coexist,0,0,1,0
coffin,11,11,0,11
cognitive,0,0,18,0
coherence,0,0,2,0
coherent,0,0,12,0
cohesive,0,0,4,0
cold,0,204,0,0
coldly,0,1,0,0
collapse,60,60,0,60
collectively,0,0,21,0
collision,0,2,0,0
collusion,3,3,0,3
colonel,0,0,4,0
colossal,0,0,11,0
coma,15,15,0,15
comatose,1,1,0,1
combat,244,244,0,0
comfort,0,0,62,0
commanding,0,0,2,0
commemorate,0,0,4,4
commemoration,0,0,7,0
commemorative,0,0,3,0
commend,0,0,10,0
commendable,0,0,6,0
commentator,0,0,3,0
committed,0,0,114,0
commonwealth,0,0,21,0
communicate,0,0,43,0
communion,0,0,8,0
communism,16,16,0,16
communist,0,59,0,0
community,0,0,1386,0
commutation,0,0,1,0
commute,0,0,15,0
companion,0,0,5,0
compassion,48,0,48,0
compassionate,0,0,30,0
compatibility,0,0,2,0
compatible,0,0,2,0
compelling,0,0,14,0
compensate,0,0,7,0
compensatory,0,0,1,0
competence,0,0,9,0
competency,0,0,1,0
competent,0,0,22,0
competition,0,71,0,0
complacency,0,0,14,0
complain,0,37,0,37
complaint,0,22,0,0
complement,0,0,8,0
complementary,0,0,1,0
completely,0,0,212,0
completeness,0,0,1,0
completing,0,0,19,0
completion,0,0,19,0
complexity,0,16,0,0
compliance,0,0,112,0
compliant,0,0,33,0
complicate,0,2,0,0
complicated,0,40,0,0
complication,0,6,0,0
complicity,0,1,1,0
compliment,0,0,6,0
composed,0,0,2,0
composer,0,0,3,0
compost,0,1,0,0
composure,0,0,1,0
comprehend,0,0,9,0
comprehensive,0,0,112,0
compulsion,0,2,0,0
compulsory,0,55,0,0
comrade,0,0,5,0
conceal,0,1,0,1
concealed,3,3,0,0
conceit,0,1,0,0
concentric,0,0,1,0
concerned,232,0,0,232
concord,0,0,1,0
concussion,0,1,0,1
condemn,0,12,0,0
condemnation,1,1,0,1
condescending,0,2,0,0
condescension,0,1,0,1
condolence,0,0,3,3
condone,0,0,4,0
conducive,0,0,5,0
confederate,0,0,8,0
confess,0,8,8,0
confession,2,2,0,2
confidence,89,0,89,0
confident,0,0,66,0
confined,23,23,0,23
confinement,12,12,0,12
confirmed,0,0,2321,0
confiscate,0,1,0,1
confiscation,0,1,0,0
conflagration,1,1,0,0
conflict,67,67,0,67
conflicting,0,12,0,0
confounded,0,1,0,0
confuse,0,10,0,0
confusion,50,50,0,0
congestion,0,13,0,0
congregation,0,0,9,0
conjuring,0,3,0,0
conscience,0,0,12,0
conscientious,0,0,1,0
consciousness,0,0,7,0
consecration,0,0,1,1
conservation,0,0,27,0
conserve,0,0,1,0
considerable,0,0,12,0
considerate,0,0,10,0
consistency,0,0,9,0
console,0,0,4,4
consonant,0,0,1,0
conspiracy,219,0,0,0
conspirator,6,6,0,0
constant,0,0,44,0
constitutional,0,0,26,0
constrain,4,4,0,0
constrained,0,4,0,0
constraint,3,3,0,3
construct,0,0,6,0
consummate,0,0,1,0
contact,0,0,930,0
contagion,36,36,0,0
contagious,83,83,0,0
contaminate,0,3,0,0
contaminated,27,27,0,27
contamination,0,15,0,0
contemplation,0,0,1,0
contempt,10,10,0,0
contemptible,0,3,0,0
content,0,0,122,0
contentious,4,4,0,0
continue,0,0,949,0
contour,0,0,1,0
contracted,0,141,0,0
contradict,0,5,0,0
contradiction,0,3,0,0
contradictory,0,8,0,0
contrary,0,24,0,0
contravention,0,2,0,0
contribute,0,0,91,0
contributor,0,0,10,0
controversial,0,31,0,0
controversy,0,16,0,0
convenience,0,0,30,0
convenient,0,0,32,0
convent,0,0,3,0
convention,0,0,74,0
conversational,0,0,2,0
convert,0,0,13,0
convict,1,1,0,1
conviction,0,10,0,0
convince,0,0,50,0
cool,0,0,158,0
coolness,0,0,1,0
coop,0,4,0,0
cooperate,0,0,12,0
cooperating,0,0,5,0
cooperation,0,0,66,0
cooperative,0,0,9,0
cop,38,0,0,0
copy,0,380,0,0
copycat,0,1,0,0
core,0,0,83,0
coronation,0,0,3,0
coroner,0,3,0,0
corporal,0,2,0,0
corporation,0,0,75,0
corpse,0,3,0,3
correction,0,31,0,0
corrective,0,0,9,0
correspondence,0,0,5,0
corrupt,0,134,0,0
corrupting,1,1,0,1
corruption,0,210,0,0
corse,0,0,0,1
cosmopolitan,0,0,1,0
cosy,0,0,1,0
couch,0,0,0,11
cough,0,178,0,0
council,0,0,172,0
counsel,0,0,14,0
counsellor,3,3,0,0
counselor,0,0,7,0
count,0,0,424,0
courage,0,0,47,0
courageous,12,0,12,0
court,259,0,0,0
courteous,0,0,1,0
courtesy,0,0,45,0
cove,9,0,9,0
covenant,0,0,2,0
coward,10,10,0,10
cowardice,2,2,0,0
cowardly,5,5,0,0
coyote,2,0,0,0
crack,0,37,0,0
cracked,8,8,0,0
cracking,0,18,0,0
cradle,0,0,1,0
craft,0,0,7,0
craftsman,0,0,1,0
cramp,0,1,0,0
cramped,0,3,0,0
crank,0,1,0,0
cranky,0,2,0,0
crap,0,61,0,0
crash,57,57,0,57
crawl,0,8,0,0
crazed,2,2,0,0
crazy,213,213,0,213
creaking,0,2,0,0
cream,0,0,33,0
create,0,0,374,0
creative,0,0,127,0
creature,6,6,0,0
credence,0,0,1,0
credential,0,0,3,0
credibility,0,0,26,0
credible,0,0,29,0
credit,0,0,154,0
creditable,0,0,1,0
credited,0,0,8,0
creep,0,12,0,0
cremation,0,0,0,11
crescendo,0,0,1,0
crime,0,104,0,0
criminal,124,124,0,0
criminality,6,6,0,0
cringe,1,1,0,1
cripple,6,6,0,6
crippled,0,26,0,26
crisis,0,1643,0,0
crisp,0,5,0,0
critic,0,6,0,0
criticism,0,23,0,23
criticize,9,9,0,9
critique,0,0,8,0
crocodile,5,0,0,0
crook,0,8,0,0
cross,349,349,0,349
crouching,1,1,0,0
crucial,0,0,189,0
crude,0,19,0,0
cruel,33,33,0,33
cruelly,2,2,0,0
cruelty,9,9,0,9
crumbling,0,5,0,5
crunch,0,9,0,0
crusade,2,2,0,0
crushed,16,16,0,16
crushing,11,11,0,0
crusty,0,2,0,0
cry,0,43,0,43
crying,0,37,0,37
crystal,0,0,14,0
cuckoo,0,2,0,0
cuddle,0,0,1,0
culinary,0,0,2,0
cull,0,4,0,0
culmination,0,0,3,0
culpability,0,3,0,0
culpable,0,9,0,0
culprit,0,2,0,0
cult,53,53,0,0
cultivate,0,0,6,0
cultivated,0,0,1,0
cultivation,0,0,8,0
culture,0,0,156,0
cumbersome,0,2,0,2
cunning,0,1,1,0
cur,12,12,0,0
curable,0,0,8,0
curiosity,0,0,12,0
curl,0,0,1,0
curse,9,9,0,9
cursed,3,3,0,3
cursing,0,1,0,0
cursory,0,3,0,0
cushion,0,0,8,0
customer,0,0,219,0
cute,0,0,66,0
cutters,0,0,1,0
cutting,61,61,0,61
cyclone,7,7,0,0
dabbling,0,1,0,0
daft,0,6,0,0
dagger,1,1,0,0
damage,0,182,0,182
damages,0,14,0,14
dame,0,0,17,0
damn,0,241,0,0
damnation,1,1,0,1
damned,0,13,0,0
damper,0,8,0,0
dance,0,0,70,0
dandy,0,2,0,0
danger,121,121,0,121
dangerous,309,309,0,0
daring,0,0,6,0
dark,0,0,0,108
darken,1,1,0,1
darkness,10,10,0,10
darling,0,0,8,0
dart,1,0,0,0
dashing,0,0,3,0
dastardly,1,1,0,0
daughter,0,0,294,0
dawn,0,0,29,0
dazed,0,1,0,0
deactivate,0,2,0,0
deadlock,0,2,0,0
deadly,381,381,0,381
deaf,0,32,0,0
deal,0,0,440,0
dear,0,0,396,0
death,2627,2627,0,2627
debacle,21,21,0,21
debate,0,0,118,0
debris,0,3,0,0
debt,0,150,0,150
decay,5,5,0,5
deceased,0,88,0,88
deceit,5,5,0,5
deceitful,0,1,0,1
deceive,0,2,0,2
deceived,0,6,0,0
decency,0,0,15,0
decent,0,0,31,0
deception,0,18,0,0
deceptive,0,5,0,0
decline,0,149,0,0
declining,0,47,0,0
decrease,0,84,0,0
decrement,0,4,0,0
decry,0,2,0,0
dedication,0,0,27,0
deduct,0,1,0,0
defamation,1,1,0,0
defamatory,0,1,0,0
default,13,13,0,13
defeat,0,113,0,0
defeated,0,53,0,53
defect,0,4,0,0
defection,2,2,0,0
defective,0,3,0,0
defend,43,0,43,0
defended,0,0,9,0
defender,0,0,6,0
defending,0,0,28,0
defense,57,0,57,0
deferral,0,2,0,0
defiance,8,8,0,0
defiant,0,2,0,0
deficiency,0,11,0,0
deficit,0,21,0,0
definitive,0,0,10,0
deflation,2,2,0,0
defraud,0,2,0,0
defunct,0,2,0,2
defy,13,13,0,13
degradation,0,2,0,0
degrade,0,1,0,0
degrading,1,1,0,1
degree,0,0,59,0
delay,142,142,0,142
delayed,0,115,0,0
delectable,0,0,2,0
delegate,0,0,3,0
deliberate,0,0,26,0
delicious,0,0,27,0
delight,0,0,10,0
delighted,0,0,69,0
delightful,0,0,5,0
delinquency,0,3,0,0
delinquent,0,2,0,0
delirium,0,4,0,4
deliverance,0,0,2,0
delivery,0,0,248,0
deluge,4,4,0,4
delusion,7,7,0,7
delusional,26,26,0,0
demand,0,424,0,0
demanding,0,72,0,0
demented,6,6,0,0
dementia,61,61,0,61
demise,35,35,0,35
democracy,0,0,86,0
demolition,0,8,0,0
demon,20,20,0,20
demonic,4,4,0,4
demoralized,1,1,0,1
denial,0,70,0,0
denied,0,52,0,52
denounce,0,9,0,0
dentistry,13,0,0,0
deny,0,52,0,0
denying,0,48,0,0
depart,0,0,0,14
departed,0,11,0,11
departure,0,14,0,14
dependence,4,4,0,4
dependency,0,5,0,0
dependent,0,28,28,0
deplorable,9,9,0,9
deport,2,2,0,2
deportation,9,9,0,9
depraved,1,1,0,1
depravity,0,4,0,0
depreciation,1,1,0,0
depress,4,4,0,4
depressed,31,31,0,31
depressing,0,29,0,29
depression,0,147,0,147
depressive,0,4,0,4
deprivation,4,4,0,4
depth,0,0,40,0
deranged,7,7,0,0
derelict,0,5,0,0
derision,0,1,0,0
derogatory,1,1,0,1
descent,2,0,0,2
descriptive,0,0,2,0
desert,8,8,0,8
deserted,57,57,0,57
deserve,0,0,128,0
deserved,0,0,20,0
designer,0,0,46,0
desirable,0,0,5,0
despair,23,23,0,23
desperate,0,70,0,0
despicable,0,20,0,0
despise,0,5,0,0
despotic,1,1,0,0
destination,41,0,41,41
destitute,5,5,0,5
destroyed,84,84,0,84
destroyer,1,1,0,0
destroying,66,66,0,66
destruction,0,54,0,0
destructive,10,10,0,0
detachment,0,2,0,0
detain,0,4,0,0
detainee,4,4,0,4
detect,0,0,90,0
detection,0,0,103,0
detention,0,43,0,43
deteriorate,2,2,0,2
deteriorated,0,7,0,7
deterioration,12,12,0,12
determination,0,0,16,0
determined,0,0,30,0
detriment,0,9,0,0
detrimental,0,14,0,0
devastate,3,3,0,3
devastating,112,112,0,112
devastation,23,23,0,23
develop,0,0,233,0
deviation,0,0,0,2
devil,25,25,0,25
devious,0,2,0,0
devolution,0,3,0,0
devotional,0,0,2,0
devout,0,0,2,0
dexterity,0,0,1,0
diabolical,4,4,0,0
diagnosis,74,74,0,0
diamond,0,0,16,0
diary,0,0,50,0
diatribe,0,1,0,0
dictator,35,35,0,0
dictatorial,0,1,0,0
dictatorship,13,13,0,13
dictionary,0,0,6,0
didactic,0,0,1,0
die,940,940,0,940
dietary,0,0,10,0
difficult,327,0,0,0
difficulties,0,41,0,41
difficulty,29,29,0,29
dignified,0,0,2,0
dignity,0,0,18,0
diligence,0,0,6,0
dilute,0,4,0,0
diminish,0,7,0,7
diminished,0,4,0,0
din,0,6,0,0
dinner,0,0,51,0
dinosaur,4,0,0,0
diplomacy,0,0,11,0
diplomatic,0,0,4,0
dire,54,54,0,54
director,0,0,378,0
dirt,0,12,0,0
dirty,0,48,0,0
disability,0,98,0,98
disable,1,1,0,1
disabled,73,73,0,73
disagree,0,24,0,0
disagreeing,0,2,0,2
disallowed,1,1,0,1
disappear,77,0,0,0
disappoint,0,7,0,7
disappointed,0,57,0,57
disappointing,0,30,0,30
disappointment,0,11,0,11
disapproval,0,2,0,2
disapprove,3,3,0,3
disapproving,0,1,0,1
disaster,251,251,0,251
disastrous,34,34,0,34
discharge,0,66,0,0
discipline,30,30,0,0
disclaim,0,1,0,0
discomfort,0,6,0,6
disconnect,0,8,0,8
disconnected,0,4,0,4
disconnection,0,2,0,0
discontent,4,4,0,4
discontinue,0,3,0,0
discord,0,8,0,0
discourage,10,10,0,10
discovery,0,0,35,0
discredit,0,11,0,0
discretion,0,0,4,0
discretionary,0,0,7,0
discriminate,0,20,0,20
discriminating,0,5,0,0
discrimination,47,47,0,47
discussion,0,0,257,0
disdain,0,4,0,0
disease,855,855,0,855
diseased,2,2,0,2
disgrace,0,36,0,36
disgraced,0,1,0,1
disgraceful,0,28,0,0
disgruntled,0,1,0,1
disgust,6,6,0,6
disgusting,69,69,0,0
disheartened,0,1,0,1
disheartening,0,10,0,10
dishonest,0,12,0,12
dishonesty,0,2,0,0
disillusionment,0,1,0,1
disinfection,0,0,52,0
disinformation,72,72,0,0
disingenuous,0,7,0,0
disintegration,0,1,0,0
dislike,0,9,0,0
disliked,0,1,0,1
dismal,7,7,0,7
dismay,2,2,0,2
dismissal,5,5,0,5
disobedience,0,2,0,0
disobey,0,5,0,0
disorder,25,25,0,0
disorganized,0,1,0,0
disparaging,0,1,0,1
disparity,0,15,0,15
dispel,0,8,0,8
dispersion,0,2,0,0
displace,0,2,0,0
displaced,33,0,0,33
disposal,0,19,0,0
disposed,0,0,3,0
dispute,0,14,0,0
disqualified,0,1,0,1
disregard,0,24,0,0
disregarded,0,4,0,0
disrespect,0,13,0,0
disrespectful,11,11,0,11
disruption,116,116,0,0
disseminate,0,0,3,0
dissenting,0,2,0,0
disservice,0,1,0,1
dissolution,1,1,0,1
dissonance,0,5,0,0
distasteful,0,2,0,0
distinction,0,0,2,0
distorted,0,5,0,0
distortion,0,1,0,0
distract,0,35,0,0
distracted,0,14,0,0
distracting,0,10,0,0
distraction,0,51,0,0
distress,28,28,0,28
distressed,17,17,0,0
distressing,3,3,0,0
distrust,12,12,0,0
disturbance,4,4,0,4
disturbed,0,8,0,8
divergent,0,1,0,0
diverse,0,32,32,0
diversified,0,0,1,0
diversion,0,0,7,0
divestment,0,2,0,0
divinity,0,0,1,0
divorce,17,17,0,17
dizziness,0,1,0,0
dizzy,0,1,0,0
docked,0,2,0,0
doctor,0,0,470,0
dogged,0,0,2,0
doit,0,1,0,0
doldrums,0,2,0,2
dole,0,7,0,7
dominant,4,4,0,0
dominate,11,11,11,0
domination,4,4,0,4
don,0,0,126,0
donation,0,0,125,0
doodle,0,12,0,0
doom,23,23,0,0
doomed,29,29,0,29
doomsday,7,7,0,7
doubt,125,125,0,125
doubtful,0,7,0,0
doubting,0,6,0,0
douche,0,5,0,0
dove,0,0,1,0
downfall,19,19,0,19
dragon,7,0,0,0
drainage,0,1,0,0
dread,7,7,0,0
dreadful,7,7,0,7
dreadfully,1,1,0,1
drinking,0,104,0,0
drivel,0,2,0,0
drone,0,27,0,0
drought,0,11,0,0
drown,5,5,0,5
drowsiness,0,1,0,0
drugged,0,0,0,1
drunken,0,3,0,0
dubious,6,6,0,0
duel,1,0,0,0
duet,0,0,1,0
duke,0,0,12,0
dull,0,2,0,2
dumb,0,105,0,0
dummy,0,6,0,0
dumps,0,4,0,4
dun,0,7,0,0
dungeon,1,1,0,0
duplicity,0,1,0,0
durability,0,0,3,0
durable,0,0,4,0
duress,1,1,0,1
dust,0,27,0,0
dying,565,565,0,565
dysentery,0,1,0,1
eager,0,0,21,0
earl,0,0,15,0
earn,0,0,79,0
earnest,0,0,2,0
earthquake,24,24,0,24
ease,0,0,85,0
eat,0,0,244,0
ecstatic,0,0,1,0
edict,1,1,0,0
edification,0,0,1,0
educate,0,0,49,0
educated,0,0,39,0
educational,0,0,85,0
effective,0,0,577,0
efficacy,0,0,54,0
efficiency,0,0,26,0
efficient,0,0,61,0
effort,0,0,186,0
egotistical,0,4,0,0
egregious,0,5,0,0
eject,0,1,0,0
elaboration,0,0,2,0
elated,0,0,2,0
elder,0,0,13,0
elders,0,0,29,0
elect,0,0,27,0
electric,0,0,45,0
electricity,0,0,59,0
elegance,0,0,1,0
elegant,0,0,6,0
elevation,1,0,1,0
eligible,0,0,72,0
elimination,44,44,0,44
elite,0,0,37,0
eloquent,0,0,2,0
elusive,0,2,0,0
embarrass,0,3,0,3
embarrassing,0,18,0,0
embarrassment,16,16,0,16
embezzlement,0,1,0,0
embolism,3,3,0,3
embrace,0,0,49,0
emergency,596,596,0,596
emeritus,0,0,4,0
eminence,0,0,3,0
eminent,0,0,7,0
eminently,0,0,2,0
empathy,0,0,88,0
empower,0,0,27,0
emptiness,0,0,0,4
emulate,0,0,3,0
enable,0,0,75,0
enchanted,0,0,1,0
encore,0,0,3,0
encourage,0,0,88,0
encouragement,0,0,9,0
encyclopedia,0,0,1,0
endanger,22,22,0,0
endangered,15,15,0,0
endeavor,0,0,11,0
endemic,13,13,0,13
endless,30,30,30,30
endurance,0,0,5,0
endure,0,0,10,0
enemy,77,77,0,0
energetic,0,0,4,0
enforce,80,80,80,0
enforcement,0,93,0,0
engaged,0,0,42,0
engaging,0,0,47,0
enhance,0,0,49,0
enjoy,0,0,250,0
enjoying,0,0,67,0
enlighten,0,0,5,0
enmity,1,1,0,1
enrich,0,0,9,0
ensemble,0,0,7,0
enslave,0,1,0,0
enslaved,3,3,0,3
enslavement,0,2,0,0
entangled,3,3,0,3
entanglement,0,9,0,0
enterprising,0,0,3,0
entertain,0,0,13,0
entertained,0,0,12,0
entertaining,0,0,11,0
entertainment,0,0,59,0
enthusiasm,0,0,18,0
enthusiast,0,0,2,0
envious,0,2,0,0
environ,0,0,2,0
epic,0,0,46,0
epidemic,196,196,0,196
epilepsy,0,2,0,0
epitaph,0,0,0,1
epitome,0,0,2,0
equality,0,0,49,0
equally,0,0,44,0
equilibrium,0,0,2,0
equity,0,0,79,0
eradicate,0,42,0,0
eradication,9,9,0,0
erase,11,11,0,0
erosion,0,2,0,0
err,0,7,0,0
errand,0,0,2,0
erratic,0,2,0,0
erratum,0,1,0,0
erroneous,0,2,0,0
error,0,24,0,24
erudite,0,0,4,0
eruption,4,4,0,0
escalate,0,11,0,0
escape,64,64,64,0
escaped,22,0,0,0
espionage,0,4,0,0
essential,0,0,472,0
established,0,0,56,0
esteem,0,0,2,2
estranged,0,2,0,0
ethereal,1,0,0,0
ethical,0,0,40,0
ethics,0,0,46,0
euthanasia,4,4,0,4
evacuate,18,18,0,0
evacuation,0,15,0,0
evade,2,2,0,0
evanescence,0,0,0,1
evasion,1,1,0,1
everlasting,0,0,3,0
evict,0,23,0,23
eviction,92,92,0,92
evident,0,0,18,0
evil,97,97,0,97
evolution,0,0,67,0
exacerbate,0,10,0,0
exacting,0,1,0,0
exaggerate,0,1,0,0
exaggerated,0,17,0,0
exalt,0,0,1,0
exalted,0,0,1,0
examination,41,41,0,0
exceed,0,0,45,0
excel,0,0,16,0
excellence,0,0,22,0
excellent,0,0,290,0
excess,0,195,0,0
exchange,0,0,36,0
excise,0,3,0,0
excite,1,0,1,0
excited,0,0,196,0
excitement,0,0,16,0
exciting,0,0,83,0
excluded,0,34,0,34
excluding,0,8,0,8
exclusion,9,9,0,9
excruciating,5,5,0,0
excuse,0,134,0,0
execution,15,15,0,15
exemplary,0,0,10,0
exemption,0,0,24,0
exhaust,0,4,0,0
exhausted,0,24,0,24
exhaustion,0,11,0,11
exhort,0,0,3,0
exhortation,0,0,2,0
exigent,1,1,0,0
exile,3,3,0,3
existence,0,0,45,0
exotic,0,0,2,0
expatriate,0,9,0,0
expect,0,0,260,0
expectation,0,0,12,0
expedient,0,0,1,0
expedition,0,0,2,0
expel,4,4,0,4
expenditure,0,13,0,0
expenses,0,126,0,0
experienced,0,0,107,0
expert,0,0,373,0
expertise,0,0,49,0
expire,0,19,0,19
expired,0,23,0,0
explain,0,0,245,0
expletive,0,1,0,0
explode,12,12,0,12
explosion,47,47,0,0
explosive,18,18,0,0
expose,58,0,0,0
exposed,0,256,0,0
expropriation,0,1,0,0
expulsion,3,3,0,3
exquisite,0,0,4,0
exquisitely,0,0,1,0
extend,0,0,143,0
extensive,0,0,28,0
extermination,1,1,0,0
extinct,0,4,0,4
extinguish,0,3,0,0
extra,0,0,212,0
extrajudicial,1,1,0,0
extraordinary,0,0,52,0
extremity,0,1,0,0
exuberance,0,0,1,0
fabricate,0,1,0,0
fabrication,0,1,0,0
facilitate,0,0,36,0
faculty,0,0,81,0
fade,0,9,0,0
faeces,0,1,0,0
failing,102,102,0,102
failure,298,298,0,298
fainting,2,2,0,2
fair,0,0,178,0
fairly,0,0,18,0
faith,0,0,122,0
faithful,0,0,9,0
fake,0,294,0,0
fall,0,496,0,496
fallacious,0,1,0,0
fallacy,0,6,0,0
falling,0,132,0,132
fallow,0,1,0,0
falsehood,0,3,0,0
falsely,0,34,0,0
falsify,0,1,0,0
falter,10,10,0,0
fame,0,0,9,0
familiar,0,0,28,0
familiarity,0,0,1,0
famine,0,10,0,10
famous,0,0,60,0
famously,0,0,3,0
fancy,0,0,22,0
fanfare,0,0,3,0
fang,1,0,0,0
farce,0,22,0,0
farcical,0,3,0,0
fascinating,0,0,87,0
fashionable,0,0,26,0
fasting,0,3,0,3
fat,0,72,0,72
fatal,46,46,0,46
fatality,230,230,0,230
fate,0,11,0,0
fatigue,0,91,0,0
fatigued,0,1,0,1
fatty,0,5,0,5
fault,0,83,0,83
faulty,0,24,0,0
favorable,0,0,7,0
favorite,0,0,125,0
favoritism,0,0,1,0
fawn,0,1,0,0
fear,555,555,0,0
fearful,18,18,0,18
fearing,14,14,0,0
fearless,9,0,9,0
feat,0,0,27,0
feature,0,0,78,0
fecal,0,3,0,0
feces,0,2,0,0
fee,0,155,0,0
feeble,0,2,0,2
feeling,328,328,328,328
feigned,0,1,0,0
felicity,0,0,1,0
fell,0,85,0,85
fellow,0,0,166,0
fellowship,0,0,11,0
felon,1,1,0,0
felony,0,7,0,0
female,0,0,138,0
ferocious,3,3,0,0
fertile,0,0,1,0
fervor,0,0,4,0
festival,0,0,131,0
festive,0,0,10,0
fete,0,0,1,0
feud,0,4,0,0
feudal,0,1,0,0
fever,122,0,0,0
feverish,0,2,0,0
fiasco,0,36,0,0
fib,0,1,0,0
fictitious,0,5,0,0
fidelity,0,0,2,0
fierce,10,10,0,0
fight,1385,1385,0,0
fighting,0,481,0,0
filibuster,0,1,0,0
filth,0,3,0,0
filthy,0,13,0,0
finally,0,0,436,0
fire,383,0,0,0
firearms,5,5,0,0
fits,0,18,0,0
fitting,0,0,15,0
flabby,0,1,0,0
flagging,0,3,0,0
flagrant,0,4,0,0
flake,0,2,0,0
flap,0,3,0,0
flattering,0,0,2,0
flaw,0,4,0,4
flea,0,3,0,0
fled,16,0,0,0
flee,8,8,0,0
fleece,0,5,0,5
fleet,0,0,16,0
flexibility,0,0,37,0
flirt,0,3,3,0
flog,3,3,0,3
flood,39,0,0,0
flop,0,7,0,7
floral,0,0,6,0
flounder,1,1,0,1
flow,0,0,65,0
flu,729,729,0,0
flush,0,0,3,0
flying,130,0,130,0
focus,0,0,434,0
foe,3,3,0,0
folly,0,2,0,0
fondness,0,0,2,0
food,0,0,1007,0
fool,0,53,0,0
foolish,0,18,0,0
foolishness,0,3,0,0
football,0,0,389,0
forbearance,0,0,3,0
forbid,0,11,0,11
force,291,291,0,0
forced,364,364,0,0
forcibly,10,10,0,0
fore,0,0,9,0
foreboding,3,3,0,0
foreclose,2,2,0,2
forefathers,0,0,3,0
forego,0,1,0,0
foregoing,0,0,1,0
foreign,0,188,0,0
foreigner,5,5,0,0
foresee,0,0,1,0
foreseen,0,0,6,0
foresight,0,0,7,0
forewarned,2,2,0,0
forfeit,0,3,0,3
forfeited,0,2,0,0
forge,0,0,6,0
forget,0,475,0,0
forgive,0,0,22,0
forgiven,0,0,7,0
forgiving,0,0,3,0
forgotten,60,60,0,60
forlorn,0,1,0,1
formative,0,0,1,0
formidable,3,0,0,0
formula,0,0,31,0
forsake,0,3,0,3
forsaken,0,5,0,5
forte,0,0,1,0
forthcoming,0,0,10,0
fortify,0,0,2,0
fortitude,0,0,1,0
fortress,1,0,1,1
fortunate,0,0,27,0
fortune,0,0,13,0
forward,0,0,336,0
foul,5,5,0,0
found,0,0,699,0
foundation,0,0,121,0
fracture,0,1,0,0
fragile,31,31,0,31
fragrant,0,0,1,0
frailty,0,6,0,6
frank,0,0,21,0
frantic,2,2,0,0
fraternal,0,0,1,0
fraud,0,165,0,0
fraudulent,0,13,0,0
fraught,4,4,0,4
freedom,0,0,242,0
freely,0,0,21,0
freezing,0,3,0,0
frenzy,0,7,0,0
fret,4,4,0,0
friend,0,0,397,0
friendly,0,0,91,0
friendship,0,0,19,0
fright,4,4,0,0
frighten,2,2,0,2
frightened,3,3,0,0
frightful,1,1,0,1
frivolous,0,1,0,0
frostbite,0,1,0,0
frown,0,1,0,1
frugal,0,0,1,0
fruitful,0,0,13,0
frustrate,0,3,0,3
frustrated,0,30,0,0
frustration,0,19,0,0
fudge,0,3,0,0
fugitive,1,1,0,1
fulfill,0,0,8,0
fulfillment,0,0,3,0
fumble,0,1,0,0
fume,0,1,0,0
fuming,0,1,0,0
fun,0,0,287,0
fundamental,0,0,43,0
funeral,0,0,0,83
fungus,0,1,0,0
funk,0,2,0,2
furious,0,8,0,0
fury,10,10,0,10
fuse,0,0,2,0
fusion,0,0,7,0
fuss,0,3,0,3
fussy,0,1,0,0
futile,0,6,0,6
futility,0,2,0,0
gag,0,2,0,0
gain,0,0,112,0
gaining,0,0,21,0
gall,0,5,0,0
gallant,0,0,2,0
galore,0,0,6,0
gamble,0,10,0,0
gambling,0,12,0,0
gang,23,23,0,0
gap,0,114,0,0
garbage,0,53,0,0
garden,0,0,64,0
garnish,0,2,0,0
garrison,0,0,4,0
gasping,6,6,0,0
gazette,0,0,3,0
gear,0,0,55,0
gem,0,0,10,0
generosity,0,0,13,0
generous,0,0,36,0
genial,0,0,1,0
genius,0,0,45,0
gentleman,0,0,2,0
gentleness,0,0,1,0
genuine,0,0,28,0
geriatric,0,1,0,1
ghastly,2,2,0,0
ghetto,10,10,0,10
ghost,22,0,0,0
giant,63,0,0,0
gift,0,0,94,0
gifted,0,0,14,0
gigantic,0,0,2,0
giggle,0,0,3,0
giving,0,0,338,0
glacial,0,1,0,0
glad,0,0,184,0
gladiator,2,0,0,0
gladness,0,0,1,0
glare,1,1,0,0
glaring,0,4,0,0
glee,0,0,2,0
glib,0,1,0,0
glide,0,0,2,0
glimmer,0,0,2,0
gloom,0,12,0,12
gloomy,0,7,0,7
glorify,0,0,1,0
glory,0,0,25,0
gloss,0,0,3,0
glow,0,0,11,0
glowing,0,0,8,0
glum,0,1,0,1
glut,0,3,0,0
gluttony,0,1,0,0
gnome,2,2,0,0
god,614,0,614,0
godless,0,1,0,0
godly,0,0,2,0
gold,0,0,180,0
goo,0,23,0,0
goodly,0,0,1,0
goodness,0,0,42,0
goodwill,0,0,10,0
gore,1,1,0,1
gorge,0,1,0,0
gorgeous,0,0,10,0
gorilla,0,3,0,0
gospel,0,0,14,0
gossip,0,2,0,0
gout,0,1,0,0
govern,0,0,26,0
government,2298,2298,0,0
grab,0,62,0,0
grace,0,0,60,0
gracious,0,0,4,0
graduation,29,0,29,0
grandchildren,0,0,12,0
grandeur,0,0,1,0
grandmother,0,0,35,0
grant,0,0,163,0
granted,0,0,66,0
grasping,0,4,0,0
grate,0,3,0,0
grateful,0,0,107,0
gratitude,0,0,44,0
grave,28,28,0,28
gray,0,0,0,4
greatness,0,0,12,0
greed,0,31,0,0
greedy,0,17,0,0
green,0,0,175,0
greeting,0,0,10,0
grief,0,54,0,54
grievance,0,3,0,3
grieve,6,6,0,6
grim,81,81,0,81
grin,0,0,3,0
grinding,0,12,0,0
grisly,1,1,0,0
grist,0,0,4,0
grit,0,0,1,0
gross,0,42,0,0
grotesque,0,4,0,0
grounded,12,12,0,12
groundless,0,2,0,0
groundwork,0,0,5,0
grow,0,0,158,0
growth,0,0,462,0
grudge,0,1,0,0
gruesome,0,2,0,0
grumpy,0,1,0,1
guarantee,0,0,62,0
guard,76,0,76,0
guardian,0,0,108,0
gubernatorial,0,0,19,0
guerilla,1,1,0,0
guidance,0,0,315,0
guide,0,0,263,0
guidebook,0,0,11,0
guilt,0,9,0,9
guilty,0,35,0,35
guise,0,11,0,0
gull,0,1,0,0
gullible,0,4,0,4
gulp,1,0,0,0
gun,60,60,0,0
guru,0,0,5,0
guts,0,0,10,0
gypsy,0,1,0,0
habitat,0,0,5,0
hail,0,10,10,0
hairy,0,2,0,0
hale,0,0,7,0
halfway,0,18,0,0
halting,10,10,0,10
hamper,0,7,0,0
hamstring,0,1,0,1
handicap,0,1,0,1
handy,0,0,24,0
hanging,34,34,0,34
happily,0,0,18,0
happiness,0,0,77,0
happy,0,0,762,0
harass,0,5,0,0
harbinger,11,11,0,0
hardened,3,3,0,0
hardship,0,26,0,26
hardy,0,0,2,0
harm,78,78,0,0
harmful,31,31,0,31
harmony,0,0,11,0
harrowing,12,12,0,0
harry,0,23,0,23
harvest,0,0,25,0
hash,0,1,0,0
hasty,0,5,0,0
hate,224,224,0,224
hateful,6,6,0,6
hating,0,8,0,0
hatred,16,16,0,16
haunt,6,6,0,0
haunted,3,3,0,3
haven,0,0,23,0
havoc,43,43,0,0
hawk,10,0,0,0
hazard,48,48,0,0
hazardous,9,9,0,0
haze,3,3,0,0
headache,0,20,0,0
heal,0,0,87,0
healing,0,0,44,0
healthful,0,0,1,0
healthy,0,0,543,0
hearing,210,210,0,0
heartache,0,1,0,1
heartburn,0,1,0,0
heartfelt,0,0,19,19
hearth,0,0,3,0
heartily,0,0,3,0
heartless,0,9,0,9
heathen,1,1,0,0
heavens,0,0,3,0
heavily,0,38,0,0
heel,0,2,0,0
heighten,5,5,0,0
heinous,0,4,0,0
hell,241,241,0,241
hellish,2,2,0,2
helmet,11,0,11,0
helper,0,0,4,0
helpful,0,0,123,0
helpless,19,19,0,19
helplessness,1,1,0,1
hemorrhage,1,1,0,1
hemorrhoids,0,2,0,0
herbal,0,0,17,0
hermit,0,0,0,4
hero,0,0,107,0
heroic,0,0,11,0
heroics,0,0,1,0
heroin,0,4,0,0
heroine,0,0,1,0
heroism,0,0,4,0
herpes,0,5,0,0
hesitation,3,3,0,0
hidden,0,51,0,0
hide,79,0,0,0
hideous,4,4,0,4
hiding,65,0,0,0
hilarious,0,0,39,0
hire,0,0,46,0
hit,0,821,0,0
hitherto,0,1,0,0
hive,0,11,0,0
hoarse,0,2,0,0
hoax,0,357,0,357
hobby,0,0,12,0
hog,0,3,0,0
holiday,0,0,230,0
holiness,4,0,4,0
hollow,0,3,0,3
holocaust,7,7,0,7
holy,0,0,73,0
homage,0,0,2,0
homeless,114,114,0,114
homework,27,0,0,0
homicidal,1,1,0,0
homicide,11,11,0,11
homology,0,0,1,0
homosexuality,0,1,0,0
honest,100,0,100,100
honesty,0,0,15,0
honey,0,0,12,0
honeymoon,0,0,1,0
honor,0,0,59,0
honorable,0,0,16,0
hood,4,4,0,0
hooked,0,2,0,0
hope,0,0,1028,0
hopeful,0,0,54,0
hopeless,17,17,0,17
hopelessness,1,1,0,1
horizon,0,0,21,0
horrible,84,84,0,0
horribly,0,4,0,0
horrid,12,12,0,12
horrific,31,31,0,31
horrified,15,15,0,0
horrifying,24,24,0,24
horror,44,44,0,44
horrors,10,10,0,10
hospice,0,0,0,12
hospital,1750,0,0,1750
hospitality,0,0,125,0
hostage,33,33,0,0
hostile,5,5,0,0
hostility,0,6,0,0
household,0,0,104,0
howl,2,2,0,2
huff,0,1,0,0
hug,0,0,42,0
humane,0,0,8,0
humanitarian,0,0,117,0
humanity,0,0,166,0
humble,0,26,26,26
humbled,0,0,9,9
humbly,0,0,2,0
humiliate,0,2,0,2
humiliating,0,1,0,0
humiliation,0,3,0,3
humility,0,0,10,0
hungry,0,46,0,0
hunter,12,12,0,12
hunting,9,9,0,0
hurricane,125,125,0,0
hurried,0,2,0,0
hurt,128,128,0,128
hurtful,1,1,0,1
hurting,41,41,0,41
hush,0,0,3,0
hustler,0,3,0,0
hut,0,0,3,3
hygienic,0,0,25,0
hymn,0,0,1,1
hype,0,36,0,0
hyperbole,0,5,0,0
hypocrisy,0,47,0,0
hypocrite,0,21,0,0
hypocritical,0,7,0,0
hysteria,53,53,0,0
hysterical,9,9,0,0
idiocy,0,14,0,14
idiot,0,116,0,0
idiotic,0,17,0,0
idol,0,0,18,0
ignorance,0,71,0,0
ignorant,0,77,0,0
ignore,0,146,0,0
ill,237,237,0,237
illegal,100,100,0,100
illegitimate,1,1,0,1
illicit,4,4,0,0
illiterate,0,4,0,0
illness,204,204,0,204
illogical,0,28,0,0
illuminate,0,0,3,0
illusion,0,12,0,0
illustrate,0,0,5,0
imaginative,0,0,3,0
imitation,0,3,0,0
immaculate,0,0,3,0
immature,0,5,0,0
immediately,0,157,157,0
immense,0,0,20,0
immerse,1,0,1,0
immigrant,65,0,0,0
imminent,15,0,0,0
immoral,15,15,0,15
immorality,0,2,0,0
immortal,0,0,1,0
impair,0,2,0,0
impairment,0,7,0,0
impart,0,0,1,0
impartial,0,0,1,0
impartiality,0,0,1,0
impatience,0,1,0,0
impatient,0,4,0,0
impeach,3,3,0,0
impeachment,0,8,0,0
impeccable,0,0,1,0
impede,0,7,0,0
impending,9,0,0,0
impersonation,0,1,0,0
impervious,0,0,1,0
importance,0,0,285,0
imposition,0,6,0,0
impossible,0,73,0,73
impotence,1,1,0,1
impotent,0,4,0,0
impress,0,0,9,0
impression,0,0,15,0
imprison,0,2,0,0
imprisoned,7,7,0,7
imprisonment,2,2,0,2
improve,0,0,185,0
improved,0,0,74,0
improvement,0,0,72,0
improving,0,0,71,0
improvise,0,0,4,0
inability,0,25,0,25
inaccessible,0,4,0,0
inaccurate,0,17,0,0
inaction,0,34,0,0
inactivity,0,2,0,0
inadequacy,0,1,0,0
inadequate,0,30,0,30
inalienable,0,0,2,0
inane,0,1,0,0
inappropriate,0,8,0,8
inauguration,0,0,6,0
incalculable,0,2,0,0
incapacity,0,1,0,0
incarceration,13,13,0,13
incase,9,9,0,9
incessant,0,2,0,0
incest,1,1,0,1
incineration,0,1,0,0
incisive,0,0,5,0
incite,3,3,0,0
inclement,0,1,0,0
include,0,0,285,0
included,0,0,83,0
including,0,0,1045,0
inclusive,0,0,69,0
incoherent,0,7,0,0
income,0,277,277,277
incompatible,0,2,0,2
incompetence,0,120,0,0
incompetent,0,133,0,133
incomprehensible,0,2,0,0
inconsequential,0,1,0,1
inconsiderate,0,12,0,12
inconsistency,0,5,0,0
inconvenient,0,10,0,10
incorrect,0,22,0,0
increase,0,0,746,0
incur,0,4,0,0
incurable,1,1,0,1
indecision,0,1,0,0
indecisive,0,3,0,0
indefensible,4,4,0,0
indemnity,0,0,1,0
independence,0,0,76,0
indestructible,0,0,3,0
indict,2,2,0,0
indictment,6,6,0,0
indifference,4,4,0,4
indoctrination,3,3,0,0
ineffective,0,27,0,0
inefficiency,0,1,0,1
inefficient,0,3,0,3
inept,0,48,0,0
ineptitude,11,11,0,11
inequality,75,75,0,75
inequitable,0,5,0,0
inexcusable,0,10,0,10
inexpensive,0,0,9,0
inexperienced,0,5,0,0
inexplicable,0,3,0,0
infallible,0,0,1,0
infamous,10,10,0,0
infant,8,0,8,0
infantile,0,2,0,0
infect,0,108,0,0
infection,794,794,0,0
infectious,224,224,0,224
inferior,0,2,0,2
inferno,2,2,0,0
infertility,0,4,0,4
infestation,2,2,0,0
infiltration,0,2,2,0
infinite,0,0,7,0
infinity,0,0,2,0
infirm,0,1,0,0
inflammation,0,40,0,0
inflated,0,17,0,0
inflation,27,27,0,0
inflict,5,5,0,5
influence,0,63,63,0
influential,0,0,8,0
influenza,0,85,0,0
information,0,0,778,0
infringement,0,7,0,0
ingenious,0,0,3,0
inheritance,0,0,2,0
inhibit,0,5,0,5
inhuman,5,5,0,5
inhumanity,0,4,0,4
inimitable,0,0,3,0
iniquity,0,1,0,0
injection,15,0,0,0
injunction,0,3,0,0
injure,2,2,0,2
injured,34,34,0,34
injurious,1,1,0,1
injury,40,40,0,40
injustice,0,27,0,0
inmate,26,26,0,0
innocence,0,0,2,0
innocent,0,0,41,0
innocuous,0,0,1,0
innovate,0,0,27,0
innovation,0,0,226,0
inquirer,0,0,3,0
inquiry,0,0,84,0
insane,50,50,0,0
insanity,46,46,0,46
insecure,12,12,0,12
insecurity,58,58,0,0
inseparable,0,0,2,0
insidious,10,10,0,0
insignificance,0,1,0,0
insignificant,0,3,0,3
insolvency,5,5,0,5
inspector,0,0,17,0
inspiration,0,0,30,0
inspire,0,0,26,0
inspired,0,0,71,0
instability,21,21,0,0
instigate,0,2,0,0
instinctive,1,0,1,0
instruct,0,0,1,0
instruction,0,0,40,0
instructor,0,0,6,0
instrumental,0,0,11,0
insufficiency,0,1,0,0
insufficient,0,12,0,0
insult,0,15,0,15
insulting,11,11,0,11
insure,0,0,7,0
insurgent,0,1,0,0
insurmountable,4,4,0,4
intact,0,0,6,0
integrity,0,0,37,0
intellect,0,0,3,0
intellectual,0,0,25,0
intelligence,101,0,101,0
intelligent,0,0,49,0
intended,0,0,25,0
intense,32,32,32,0
inter,0,40,0,40
interference,0,7,0,0
interior,0,0,40,0
interlude,0,0,1,0
interrogation,3,0,0,0
interrupt,0,4,0,0
interrupted,0,14,0,14
intervention,0,61,61,61
interviewer,2,0,0,0
intimate,0,0,15,0
intimately,2,0,0,0
intimidate,1,1,0,0
intolerable,0,1,0,0
intolerance,3,3,0,0
intonation,0,0,1,0
intoxicated,0,1,0,0
intractable,0,1,0,0
intrepid,0,0,2,0
intrigue,1,1,0,0
intruder,2,2,0,0
intrusion,2,2,0,0
intrusive,4,4,0,0
intuition,0,0,4,0
intuitive,0,0,4,0
invade,5,5,0,5
invader,1,1,0,1
invalid,0,0,0,1
invalidate,0,2,0,0
invariably,0,0,4,0
invasion,0,19,0,0
inventive,0,0,1,0
inventor,0,0,8,0
investigate,0,0,38,0
invigorate,0,0,2,0
invitation,0,0,16,0
invite,0,0,47,0
inviting,0,0,37,0
involuntary,0,2,0,0
irate,0,1,0,0
ire,0,4,0,0
iris,5,0,0,0
iron,0,0,23,0
irons,0,2,0,0
irrational,11,11,0,0
irrefutable,0,0,1,0
irregular,0,2,0,0
irregularity,0,2,0,0
irrelevant,0,10,0,0
irreparable,4,4,0,4
irresponsible,0,72,0,0
irritable,0,2,0,0
irritating,0,10,0,0
irritation,0,1,0,1
isolate,0,0,0,138
isolated,96,96,0,96
isolation,0,463,0,463
jackpot,0,0,1,0
jail,111,111,0,111
jam,0,0,21,0
jargon,0,2,0,0
jarring,2,2,0,2
jaws,5,0,0,0
jealous,0,16,0,0
jealousy,2,2,0,2
jeopardize,2,2,0,0
jeopardy,10,10,0,0
jest,0,0,2,0
job,0,0,897,0
john,0,163,0,0
join,0,0,1253,0
joined,0,0,168,0
joke,0,213,0,0
joker,0,0,6,0
joking,0,0,15,0
journalist,0,0,66,0
journey,121,0,121,0
joy,0,0,71,0
joyful,0,0,7,0
joyous,0,0,7,0
jubilant,0,0,6,0
jubilee,0,0,7,0
judicial,0,0,21,0
judicious,0,0,1,0
jump,0,0,129,0
jungle,6,0,0,0
junk,0,13,0,0
junta,0,1,0,0
justice,0,0,152,0
justifiable,0,0,4,0
justification,0,0,9,0
juvenile,0,8,0,0
keepsake,0,0,1,0
ken,0,0,21,0
kern,0,4,0,0
kerosene,1,0,0,0
keynote,0,0,19,0
khan,28,0,0,0
kick,0,52,0,0
kidnap,4,4,0,4
kill,353,353,0,353
killing,313,313,0,313
kindness,0,0,63,0
king,0,0,103,0
kiss,0,0,31,0
kite,0,2,0,0
kitten,0,0,7,0
knack,0,0,4,0
knell,18,18,0,18
knight,0,0,9,0
knowing,0,0,128,0
knowledge,0,0,161,0
kudos,0,0,57,0
labor,0,0,76,0
labyrinth,0,1,0,0
lace,5,5,5,5
lack,0,388,0,0
lacking,0,11,0,0
laden,0,11,0,0
lag,0,21,0,0
lagging,0,4,0,4
lair,0,2,0,0
lamb,0,0,2,0
lament,5,5,0,5
lamenting,0,0,0,1
land,0,0,144,0
landed,0,0,25,0
landslide,11,11,0,11
lapse,0,7,0,0
laser,0,0,6,0
lash,1,1,0,0
late,0,310,0,310
lateness,0,1,0,0
latent,0,3,0,0
laudable,0,0,1,0
laugh,0,0,95,0
laughable,0,12,0,0
laughing,0,0,57,0
laughter,0,0,13,0
launch,0,0,215,0
laureate,0,0,3,0
lava,1,1,0,0
lavish,0,0,4,0
lawful,0,0,3,0
lawlessness,1,1,0,0
lawsuit,42,42,0,42
lawyer,31,31,0,0
lax,0,14,0,14
lazy,0,40,0,0
lead,0,0,403,0
leader,0,0,393,0
league,0,0,97,0
leak,0,9,0,0
leakage,0,1,0,0
leaky,0,2,0,0
learn,0,0,956,0
learning,0,0,612,0
leave,0,354,0,354
lecturer,0,0,11,0
leech,0,1,0,0
leeches,2,2,0,0
leeway,0,0,2,0
legal,0,0,183,0
legalized,1,0,1,0
legendary,0,0,14,0
leisure,0,0,48,0
leisurely,0,0,1,0
lemon,0,18,0,0
leprosy,2,2,0,2
lesbian,0,2,0,2
lessen,0,12,0,0
lesser,0,16,0,0
lesson,0,0,96,0
lethal,32,32,0,32
leukemia,8,8,0,8
level,0,0,627,0
leverage,0,0,29,0
levy,0,7,0,0
liaison,0,2,0,0
liar,0,52,0,0
liberal,0,54,54,0
liberate,0,0,2,0
liberation,0,0,6,0
liberty,0,0,55,0
library,0,0,52,0
lick,0,9,0,0
lie,0,214,0,214
lifeblood,0,0,2,0
lighthouse,0,0,3,0
lightning,39,0,0,0
liking,0,0,23,0
limited,0,170,0,170
lines,123,0,0,0
linguist,0,0,1,0
lion,9,0,9,0
liquor,0,19,0,19
litigation,0,16,0,0
litigious,0,1,0,0
litter,0,20,0,0
livid,0,9,0,0
loaf,0,1,0,0
loathe,0,3,0,0
loathing,0,1,0,0
loathsome,0,2,0,0
lobbyist,0,2,0,0
locust,2,2,0,0
lofty,0,1,0,0
logical,0,0,17,0
lone,0,0,0,13
loneliness,44,44,0,44
lonely,26,26,0,26
longevity,0,0,2,0
longing,0,0,0,4
loo,0,19,0,0
loom,7,7,0,0
loon,0,3,0,0
loony,0,4,0,0
loot,0,15,0,0
lord,0,239,239,0
lose,237,237,0,237
losing,0,204,0,204
loss,376,376,0,376
lost,0,926,0,926
lounge,0,15,0,0
love,0,0,1051,0
lovely,0,0,102,102
lover,0,0,7,0
loving,0,0,55,0
lower,0,243,0,243
lowering,0,12,0,0
lowest,0,247,0,247
lowlands,0,1,0,0
lowly,0,1,0,1
loyal,13,0,13,0
loyalty,0,0,18,0
luck,0,0,101,0
lucky,0,0,62,0
ludicrous,0,6,0,0
lump,0,3,0,0
lunacy,9,9,0,9
lunatic,14,14,0,0
lurch,0,2,0,0
lure,0,6,0,0
lurking,0,8,0,0
luscious,0,0,1,0
lush,0,1,0,1
lust,0,1,0,0
luxuriant,0,0,1,0
luxurious,0,0,3,0
luxury,0,0,47,0
lying,0,157,0,0
lynch,3,3,0,3
lyrical,0,0,1,0
mace,2,2,0,0
mad,71,71,0,71
madden,1,1,0,0
madman,4,4,0,0
madness,41,41,0,0
mafia,25,25,0,0
maggot,0,2,0,0
magical,0,0,16,0
magnet,0,0,1,0
magnetism,0,0,1,0
magnificence,0,0,1,0
magnificent,0,0,2,0
maiden,0,0,5,0
main,0,0,177,0
mainstay,0,0,2,0
majesty,0,0,2,0
major,0,0,470,0
majority,0,0,219,0
makeshift,0,13,0,0
malaise,0,1,0,1
malaria,71,71,0,71
malevolent,2,2,0,2
malfeasance,0,5,0,0
malice,10,10,0,0
malicious,10,10,0,10
malign,0,1,0,0
malignancy,1,1,0,1
malignant,5,5,0,0
malpractice,0,7,0,0
manage,0,0,227,0
management,0,0,377,0
mandarin,0,0,2,0
mange,2,2,0,0
mania,0,1,0,0
maniac,2,2,0,0
maniacal,0,1,0,0
manifestation,7,0,0,0
manipulate,0,14,0,0
manipulation,17,17,0,0
manna,0,0,2,0
manners,0,0,7,0
manslaughter,5,5,0,5
manufacturer,0,0,36,0
manure,0,1,0,0
mar,0,58,0,0
march,0,0,559,0
margin,0,12,0,12
marked,0,0,31,0
maroon,0,1,0,0
marquis,0,0,1,0
marriage,0,0,42,0
marrow,0,0,2,0
marry,11,0,11,0
marshal,0,0,4,0
martingale,0,1,0,0
martyr,2,2,0,2
marvel,0,0,16,0
marvelous,0,0,1,0
massacre,12,12,0,12
massage,0,0,16,0
master,0,0,59,0
mate,0,0,36,0
maternal,0,21,21,0
maximum,0,0,51,0
mayor,0,0,207,0
meadow,0,0,2,0
meandering,0,2,0,0
meaningless,0,12,0,12
measles,20,20,0,20
measured,0,0,16,0
medal,0,0,15,0
mediation,0,0,6,0
medical,1256,0,1256,0
mediocre,0,4,0,0
mediocrity,0,3,0,0
meditate,0,0,28,0
mediterranean,0,0,4,0
medley,0,0,3,0
melodrama,0,1,0,1
meltdown,0,7,0,7
memorable,0,0,4,0
memorials,0,0,0,2
menace,17,17,0,0
menses,0,0,1,0
mentor,0,0,9,0
mercenary,2,2,0,0
merciless,1,1,0,0
mercy,0,0,36,0
merge,0,0,3,0
merit,0,0,13,0
merry,0,0,10,0
mess,0,183,0,0
messy,0,6,0,0
methanol,0,13,0,0
metropolitan,0,0,37,0
mettle,0,0,1,0
microscopy,0,0,2,0
midwife,0,5,5,0
midwifery,0,0,11,0
mighty,10,0,10,0
military,161,0,0,0
militia,7,7,0,7
mime,0,0,1,0
mimicry,0,1,0,0
mindful,0,0,19,0
mindfulness,0,0,28,0
minimize,0,41,0,0
minimum,0,44,0,0
ministry,0,0,497,0
minority,0,61,0,0
miracle,0,0,62,0
miraculous,0,0,5,0
misconception,4,4,0,0
misconduct,0,8,0,0
miserable,0,12,0,12
miserably,0,9,0,9
misery,26,26,0,26
misfortune,1,1,0,1
misguided,0,10,0,0
mishap,12,12,0,12
misinterpretation,0,3,0,0
mislead,6,6,0,0
misleading,0,58,0,0
mismanagement,0,47,0,0
mismatch,0,5,0,0
misnomer,0,1,0,0
misplaced,0,7,0,0
misrepresentation,0,5,0,5
misrepresented,0,1,0,0
missile,2,0,0,0
missing,154,154,0,154
missionary,0,0,2,0
mistake,0,58,0,58
mistaken,4,4,0,0
mistress,0,1,0,0
mistrust,7,7,0,0
misunderstand,0,1,0,0
misunderstanding,0,6,0,6
misuse,0,4,0,0
moan,1,0,0,1
mob,19,19,0,0
mockery,0,5,0,0
mocking,0,22,0,22
model,0,0,248,0
moderate,0,0,51,0
moderator,0,0,6,0
modest,0,0,7,0
modesty,0,0,2,0
molestation,4,4,0,4
momentum,0,0,24,0
monetary,0,0,21,0
money,0,0,767,0
monk,0,0,2,0
monochrome,0,2,0,0
monsoon,0,29,0,29
monster,23,23,0,0
monument,0,0,4,0
moody,0,2,0,2
moot,0,3,0,0
moral,0,0,64,0
morality,0,0,14,0
morals,0,0,8,0
morbid,0,11,0,11
morbidity,9,9,0,9
morgue,1,1,0,1
moribund,0,1,0,1
moron,0,57,0,0
moronic,0,13,0,0
mortal,0,8,0,0
mortality,277,277,0,277
mortar,0,0,8,0
mortgage,36,0,0,0
mortuary,4,4,0,4
mosquito,0,12,0,0
mother,0,215,215,215
motherhood,0,0,5,0
motive,0,0,5,0
mourn,0,17,0,17
mourning,0,20,0,20
mover,0,0,1,0
mud,0,4,0,0
muddled,0,3,0,0
muddy,0,5,0,0
mug,4,4,4,4
mule,0,2,0,0
mum,61,61,0,0
mumble,0,2,0,0
mumps,0,2,0,0
murder,94,94,0,94
murderer,29,29,0,29
murderous,6,6,0,6
murky,0,2,0,2
muscular,0,0,2,0
music,0,0,326,326
musical,0,0,28,28
musty,0,1,0,0
mutant,0,3,0,0
mutilation,1,1,0,1
mutiny,1,1,0,0
mutter,0,1,0,0
mutual,0,0,17,0
muzzle,9,9,0,0
mysterious,12,0,0,0
nab,0,3,0,0
nadir,0,2,0,0
nag,0,13,0,0
naive,0,8,0,0
nameless,0,2,0,0
nap,0,0,9,0
nasty,36,36,0,36
naturalist,0,0,2,0
naughty,0,5,0,0
nausea,0,5,0,0
nay,0,3,0,0
neatly,0,0,3,0
necessity,0,0,0,42
needful,0,1,0,0
needle,0,0,13,0
needy,0,35,0,0
nefarious,7,7,0,7
negative,0,720,0,720
neglect,0,23,0,0
neglected,0,20,0,20
neglecting,0,11,0,0
negligence,0,48,0,0
negligent,0,20,0,0
negligently,0,2,0,0
negotiate,0,0,19,0
negotiator,0,0,1,0
neighbor,0,0,36,0
nepotism,0,6,0,6
nerve,0,0,14,0
nervous,28,28,0,0
nervousness,1,0,0,0
nestle,0,0,1,0
neurotic,1,1,0,0
newcomer,1,0,0,0
nicotine,0,6,0,0
nightmare,58,58,0,0
nihilism,0,1,0,0
noble,0,0,41,0
noise,0,40,0,0
noisy,0,1,0,0
nomination,0,0,10,0
noncompliance,3,3,0,3
nonsense,0,79,0,0
nonsensical,0,8,0,8
normality,0,0,22,0
notable,0,0,13,0
noted,0,0,39,0
nothingness,0,1,0,1
notion,0,0,14,0
notoriety,3,3,3,0
nourishment,0,0,1,0
nuisance,0,6,0,0
nullify,0,1,0,0
numb,0,28,0,0
numbness,0,1,0,1
nun,0,5,0,0
nurse,0,0,193,0
nursery,0,0,9,0
nutritious,0,0,16,16
oak,0,0,6,0
oasis,0,0,1,0
oath,0,0,19,0
obedience,0,0,6,0
obese,0,50,0,0
obesity,0,202,0,202
obey,28,0,0,0
obit,0,5,0,5
obituary,0,23,0,23
objection,0,3,0,0
objective,0,0,18,0
oblige,0,1,0,0
obliterate,1,1,0,1
obliterated,2,2,0,0
oblivion,1,1,0,0
obnoxious,0,3,0,3
obscene,0,1,0,0
observant,0,0,3,0
obstacle,5,5,0,5
obstinate,0,1,0,0
obstruct,3,3,0,0
obstructive,0,1,0,0
obtuse,0,3,0,0
obvious,0,0,82,0
occult,2,2,0,0
occupant,0,0,8,0
occupation,0,0,12,0
occupy,0,0,11,0
odious,3,3,0,0
odor,0,2,0,0
offend,0,2,0,0
offended,0,6,0,6
offender,1,1,0,1
offense,8,8,0,8
offensive,0,6,0,0
offer,0,0,310,0
officer,0,0,203,0
offing,0,2,0,0
offset,0,0,13,0
ogre,1,1,0,0
olfactory,0,5,0,0
oligarchy,0,4,0,0
omen,2,2,0,0
ominous,5,5,0,0
onerous,0,1,0,1
onus,0,4,0,0
opaque,0,4,0,0
openness,0,0,6,0
opera,8,0,8,8
operation,67,0,0,0
opponent,13,13,0,0
opportunity,0,0,405,0
oppose,0,22,0,0
opposed,16,16,0,0
opposition,0,97,0,0
oppress,1,1,0,1
oppression,13,13,0,13
oppressive,9,9,0,9
oppressor,1,1,0,1
optimism,0,0,23,0
optimist,0,0,4,0
option,0,0,130,0
optional,0,0,12,0
oracle,0,0,5,0
orchestra,0,0,8,8
ordained,0,0,2,0
ordeal,0,8,0,0
orderly,0,0,2,0
ordnance,3,3,0,0
organic,0,0,39,0
organization,0,0,180,0
organize,0,0,17,0
organized,0,0,75,0
originality,0,0,2,0
ornate,0,0,1,0
orphan,8,8,0,8
ostensibly,0,1,0,0
oust,0,3,0,3
outburst,5,5,5,5
outcome,0,0,49,0
outcry,10,10,0,0
outdo,0,0,2,0
outlaw,0,2,0,0
outpost,2,0,0,0
outrage,0,11,0,0
outsider,1,0,0,0
outstanding,0,49,49,0
outward,0,0,3,0
overbearing,0,1,0,0
overcast,0,1,0,0
overdo,0,4,0,0
overdose,0,17,0,0
overdue,0,9,0,9
overestimated,0,2,0,0
overflow,0,7,0,0
overload,0,6,0,6
overpaid,0,2,0,0
overpriced,0,4,0,4
oversight,0,16,0,0
overt,2,0,0,0
overthrow,1,1,0,0
overturn,0,5,0,0
overwhelm,0,11,0,0
overwhelmed,0,72,0,72
overwhelming,0,0,38,0
owing,19,19,0,19
ownership,0,0,6,0
oxidation,0,1,0,0
pacific,0,0,112,0
pad,0,0,9,0
padding,0,0,2,0
paddle,0,0,3,0
pain,132,132,0,132
pained,2,2,0,2
painful,41,41,0,41
painfully,0,5,0,5
pains,0,9,0,0
palliative,0,0,14,0
palsy,3,3,0,3
panacea,0,0,3,0
pandemic,8465,8465,0,8465
panic,128,128,0,0
parachute,1,0,0,0
parade,28,28,28,0
paralysis,3,3,0,3
paralyzed,5,5,0,5
paramount,0,0,20,0
paranoia,12,12,0,0
paraphrase,0,1,1,0
parasite,8,8,0,0
pardon,0,0,29,0
pare,2,2,0,2
partake,0,0,2,0
participation,0,0,49,0
partisan,0,25,0,0
partner,0,0,201,0
partnership,0,0,125,0
passe,0,1,0,0
passion,0,0,32,0
passionate,0,0,13,0
passive,0,15,0,0
pastor,0,0,47,0
pastry,0,0,3,0
patch,0,13,0,0
patent,0,0,56,0
pathetic,0,69,0,69
patience,0,0,35,0
patient,0,0,558,0
patriarchal,0,0,1,0
patron,0,0,15,0
patronage,0,0,1,0
patronizing,0,1,0,0
patter,0,1,0,0
pauper,0,1,0,1
pawn,0,2,0,0
pay,0,0,733,0
payback,0,2,0,0
payment,0,113,0,0
peace,0,0,169,0
peaceful,0,0,68,0
peacock,0,0,1,0
peck,0,0,2,0
pedestrian,0,3,0,0
pedigree,0,0,1,0
peerless,0,0,3,0
penal,1,1,0,1
penalty,16,16,0,16
penetration,4,4,0,0
penitentiary,0,1,0,0
pensive,0,0,0,1
perceive,0,0,7,0
perennial,0,0,1,0
perfect,0,0,218,0
perfection,0,0,8,0
performer,0,0,2,0
peril,9,9,0,9
perilous,3,3,0,3
perish,3,3,0,3
perishable,0,5,0,0
perished,0,6,0,6
perishing,1,1,0,1
perjury,1,1,0,0
perk,0,0,7,0
permission,0,0,44,0
pernicious,1,1,0,1
perpetrator,1,1,0,1
perplexed,0,4,0,0
persecute,3,3,0,0
persecution,12,12,0,12
persistence,0,0,5,0
persistent,0,0,28,0
pertinent,0,0,8,0
perverse,5,5,0,0
perversion,0,1,0,1
pervert,0,1,0,0
pessimism,1,1,0,1
pessimist,1,1,0,1
pest,6,6,0,0
pestilence,16,16,0,0
pet,0,47,0,0
petroleum,0,6,6,0
petty,0,12,0,0
phalanx,1,0,0,0
phantom,8,8,0,0
pharmaceutical,0,0,76,0
philanthropist,0,0,1,0
philanthropy,0,0,13,0
philosopher,0,0,3,0
phoenix,0,0,20,0
phony,0,7,0,0
physician,0,0,78,0
physics,0,0,15,0
physiology,0,0,2,0
pick,0,0,121,0
picket,2,2,0,0
picketing,0,1,0,0
pickle,0,2,0,0
picnic,0,0,13,0
piety,0,0,1,0
pig,0,27,0,0
pigeon,0,3,0,0
piles,0,1,0,0
pill,0,0,13,0
pillow,0,0,60,0
pilot,0,0,28,0
pimple,0,1,0,0
pine,0,4,0,4
pinnacle,0,0,4,0
pioneer,0,0,11,0
pious,0,0,3,3
piracy,0,1,0,0
pirate,0,2,0,0
pistol,0,3,0,0
pith,0,0,1,0
pity,0,0,0,17
pivot,0,0,33,0
plague,77,77,0,77
plaintive,0,0,0,1
planning,0,0,307,0
plated,0,3,0,0
player,0,117,0,0
playful,0,0,5,0
playground,0,0,7,0
plea,75,75,0,75
pleasant,0,0,9,0
pleased,0,0,94,0
pleasurable,0,0,20,0
pledge,0,0,39,0
plenary,0,0,8,0
plexus,0,0,1,0
plight,22,22,0,22
plum,0,0,3,0
plummet,9,9,0,0
plunge,14,14,0,0
plush,0,0,10,0
ply,0,0,17,0
pneumonia,65,65,0,0
poaching,6,6,0,6
pointless,0,13,0,13
poison,18,18,0,18
poisoned,8,8,0,8
poisoning,0,12,0,0
poisonous,10,10,0,10
poke,0,2,0,0
polemic,0,1,0,0
police,791,0,791,0
policeman,2,0,2,0
polio,37,37,0,37
polish,0,0,11,0
polite,0,0,4,0
politeness,0,0,2,0
politic,0,0,17,0
pollute,0,1,0,0
pollution,0,71,0,0
pompous,0,1,0,0
pool,0,0,65,0
poorly,0,35,0,0
pop,0,193,0,0
pope,0,0,9,0
popularity,0,0,18,0
population,0,0,559,0
porn,0,26,0,0
porno,0,1,0,0
pornography,0,1,0,0
portable,0,0,43,0
pose,0,27,0,0
possess,0,0,4,0
possessed,4,4,0,0
possession,4,4,0,0
postponement,0,25,0,0
potency,0,0,1,0
pound,0,17,0,0
poverty,174,174,0,174
powerful,159,0,159,0
powerfully,3,0,3,0
powerless,9,9,0,9
practice,0,0,305,0
practiced,0,0,5,0
practise,0,0,13,0
praise,0,0,46,0
praised,0,0,21,0
praiseworthy,0,0,2,0
prank,0,9,0,0
pray,244,0,244,0
precarious,8,8,0,8
precaution,0,0,28,0
precede,0,0,1,0
precedence,0,0,3,0
precinct,0,5,0,0
precious,0,0,33,0
precipice,3,0,0,0
precise,0,0,16,0
precision,0,0,11,0
predatory,0,11,0,0
predicament,7,7,0,0
predominant,0,0,2,0
preeminent,0,0,1,0
prefer,0,0,42,0
pregnancy,0,46,0,0
prejudice,0,6,0,0
premeditated,3,3,0,0
premier,0,0,121,0
premises,0,0,31,0
prepare,0,0,234,0
prepared,0,0,176,0
prescient,0,0,3,0
presence,0,0,43,0
preserve,0,0,15,0
president,0,0,1294,0
pressure,0,149,0,0
prestige,0,0,5,0
presto,0,0,1,0
pretend,0,37,0,0
pretended,0,4,0,0
pretending,0,31,0,0
pretense,0,1,0,0
pretensions,0,1,0,0
pretty,0,0,245,0
prevail,0,0,15,0
prevent,565,0,0,0
prevention,0,0,278,0
preventive,0,84,0,0
prey,7,7,0,0
priceless,0,0,10,0
prick,4,4,0,0
pride,0,0,43,0
priest,0,0,27,0
primary,0,0,137,0
prime,0,0,251,0
primer,0,0,7,0
prince,0,0,25,0
princess,0,0,34,0
principal,0,0,31,0
prison,155,155,0,155
prisoner,12,12,0,12
pristine,0,0,3,0
privileged,0,0,27,0
probation,2,0,0,2
probity,0,0,1,0
procedure,31,0,31,0
procession,0,0,7,7
procrastinate,0,2,0,0
procrastination,0,2,0,0
proctor,0,0,1,0
procure,0,0,28,0
prodigy,0,0,2,0
producer,0,0,49,0
producing,0,0,38,0
production,0,0,178,0
productive,0,0,56,0
productivity,0,0,55,0
profanity,0,1,0,0
profession,0,0,14,0
professional,0,0,180,0
professor,0,0,215,0
proficiency,0,0,2,0
proficient,0,0,2,0
prognosis,8,0,0,0
progress,0,0,240,0
progression,0,0,12,12
progressive,0,0,17,0
prohibited,13,13,0,0
prohibition,0,8,0,0
projectiles,1,0,0,0
prolific,0,0,3,0
prolong,0,8,0,0
prominence,0,0,2,0
prominently,0,0,3,0
promise,0,0,86,0
promising,0,0,68,0
promotion,0,0,38,0
prop,0,0,14,0
propaganda,0,104,0,0
proper,0,0,146,0
prophet,0,0,14,0
prophylactic,0,0,13,0
proposition,0,0,4,0
prosecute,9,9,0,9
prosecution,0,4,0,0
prospect,0,0,16,0
prosper,0,0,6,0
prosperity,0,0,36,0
prosperous,0,0,4,0
prostitute,0,2,0,0
protect,0,0,1184,0
protecting,0,0,249,0
protective,0,0,144,0
protector,0,0,11,0
protestant,2,0,0,0
proud,0,0,378,0
prove,0,0,106,0
proverbial,0,0,2,0
provide,0,0,578,0
providing,0,0,253,0
provoking,0,17,0,0
prowl,1,0,0,0
prudence,0,0,1,0
prudent,0,0,11,0
psalm,0,0,9,0
psychosis,5,5,0,5
public,0,0,2074,0
pull,0,0,71,0
pulpit,0,0,2,0
puma,4,0,0,0
punch,13,13,0,13
punish,18,18,0,0
punished,8,8,0,8
punishing,7,7,0,7
punishment,21,21,0,0
punitive,1,1,0,1
puppy,0,0,11,0
purely,0,0,11,0
purgatory,1,1,0,0
purge,6,6,0,0
purification,0,0,6,0
purr,0,0,2,0
pus,0,8,0,0
quack,0,11,0,0
quagmire,0,14,0,0
quail,3,3,0,0
quake,1,0,0,0
qualified,0,0,34,0
qualifying,0,0,16,0
quandary,1,1,0,0
quarantine,1245,0,0,0
quarrel,0,2,0,0
quash,13,13,0,0
quell,0,3,0,0
quest,0,0,22,0
question,0,0,475,0
questionable,0,14,0,0
quiet,0,0,73,73
quinine,0,0,2,0
quit,0,60,0,0
quiz,0,18,0,0
quote,0,88,88,0
rabble,1,1,0,0
rabid,10,10,0,10
rabies,0,2,0,0
rack,0,2,0,2
racket,0,3,0,0
radiant,0,0,1,0
radiate,0,0,2,0
radiation,9,9,0,0
radio,0,0,201,0
radon,1,1,0,0
rage,0,47,0,0
raging,55,55,0,0
rags,0,3,0,0
raid,4,4,0,0
rail,0,19,0,0
rainy,0,0,0,21
ram,0,138,0,0
rambling,0,1,0,0
rampage,2,2,0,0
rancid,0,1,0,0
ransom,2,2,0,0
rape,16,16,0,16
raptors,3,3,0,0
rapture,0,0,8,0
rascal,2,2,0,0
rash,0,5,0,0
rat,40,40,0,0
rating,26,26,0,26
rational,0,0,25,0
rattlesnake,1,0,0,0
raucous,0,1,0,0
rave,0,13,13,0
raving,4,4,0,0
react,38,0,0,0
reactionary,0,3,0,0
reader,0,0,9,0
readily,0,0,11,0
readiness,0,0,13,0
reading,0,0,265,0
reaffirm,0,0,8,0
real,0,0,1095,0
rear,0,10,0,0
reason,0,0,420,0
reassurance,0,0,5,0
reassure,0,0,6,0
rebate,0,0,2,0
rebel,8,8,0,0
rebellion,5,0,0,0
rebuke,0,3,0,0
recalcitrant,0,2,0,0
recast,0,0,2,0
received,0,0,249,0
receiving,0,0,102,0
recession,280,280,0,280
reckless,37,37,0,0
recklessness,4,4,0,0
reclamation,0,0,2,0
recognizable,0,0,2,0
recommend,0,0,83,0
reconciliation,0,0,3,0
reconstruct,0,0,3,0
reconstruction,0,0,6,0
recorder,0,0,4,0
recovery,0,0,1300,0
recreation,0,0,7,0
recreational,0,0,9,0
rectify,0,0,2,0
redemption,0,0,1,0
redress,0,0,2,0
redundant,0,18,0,0
refine,0,0,1,0
reform,0,0,42,0
refreshing,0,0,16,0
refugee,0,0,0,45
refusal,0,20,0,0
refuse,0,146,0,0
refused,0,72,0,72
refutation,1,0,0,0
regal,0,0,4,0
regression,0,5,0,0
regressive,0,1,1,0
regret,0,42,0,42
regretting,0,4,0,4
regulate,0,0,7,0
regulatory,48,48,0,0
rehabilitate,0,0,1,0
rehabilitation,0,0,19,0
reimburse,0,0,85,0
reimbursement,0,0,13,0
rein,0,6,0,0
reinforcement,0,0,1,0
reinstate,0,0,9,0
reject,25,25,0,25
rejected,0,30,0,0
rejection,7,7,0,7
rejects,30,30,0,30
rejoice,0,0,8,0
rejuvenate,0,0,5,0
relapse,3,3,0,3
relaxation,0,0,15,0
relegation,0,2,0,0
relevant,0,0,114,0
reliability,0,0,10,0
reliable,0,0,85,0
reliance,0,0,26,0
relics,0,0,0,1
relief,0,0,702,0
relieving,0,0,5,0
reluctant,12,12,0,0
remains,197,197,197,0
remake,0,0,5,0
remand,0,5,0,0
remarkable,0,0,35,0
remarkably,0,0,5,0
remedial,0,1,0,0
remedy,0,0,25,0
remiss,0,1,0,1
remission,0,0,2,0
remodel,0,0,4,0
remorse,0,9,0,9
removal,0,23,0,0
remove,89,89,0,89
renaissance,0,0,5,0
render,0,0,6,0
renewal,0,0,16,0
renounce,0,1,0,0
renovate,0,0,3,0
renovation,0,0,7,0
renown,0,0,2,0
renowned,0,0,31,0
reorganize,0,0,2,0
repay,0,0,9,0
repellent,1,1,0,0
repent,4,0,4,0
replenish,0,0,1,0
reporter,0,0,51,0
represented,0,0,12,0
repress,0,1,0,1
repression,1,1,0,0
reproach,0,1,0,1
reproductive,0,0,16,0
republic,0,87,0,0
reputable,0,0,6,0
rescue,0,0,59,0
resent,0,1,0,0
resentment,0,2,0,2
reserve,0,0,49,0
resident,0,0,103,0
resign,60,60,0,60
resignation,0,16,0,16
resigned,0,10,0,10
resilient,0,0,112,0
resist,0,67,0,0
resistance,0,35,0,0
resistant,21,21,0,0
resisting,6,6,0,6
resources,0,0,372,0
respect,0,0,182,0
respectability,0,0,1,0
respectable,0,0,5,0
respectful,0,0,8,0
respecting,0,0,10,0
respects,0,0,16,0
respite,0,0,8,0
responsible,0,0,296,0
responsive,0,0,26,0
rest,0,0,414,0
restorative,0,0,8,0
restoring,0,0,12,0
restrain,4,4,0,0
restrained,3,0,0,0
restraint,0,0,3,0
restrict,0,33,0,33
restriction,28,28,0,28
restrictive,0,11,0,0
resumption,0,0,38,0
retaliate,0,2,0,0
retaliation,7,7,0,0
retard,4,4,0,4
retention,0,0,18,0
reticent,1,1,0,0
retirement,65,65,65,65
retort,0,2,0,0
retrenchment,1,1,0,0
reunion,0,0,9,0
revels,0,0,2,0
revenge,8,8,0,0
reverend,0,0,4,0
reversal,0,11,0,0
revise,0,0,8,0
revival,0,0,23,0
revive,0,30,30,0
revoke,4,4,0,4
revolt,0,7,0,0
revolting,1,1,0,0
revolution,45,45,45,45
revolutionary,0,0,9,0
revolver,1,1,0,1
revulsion,1,1,0,0
reward,0,0,29,0
rheumatism,1,1,0,1
rhythm,0,0,8,0
ribbon,0,0,1,0
riddled,0,9,0,0
rider,0,0,7,0
ridicule,0,3,0,3
ridiculous,0,114,0,0
rife,0,7,0,0
rifle,5,5,0,0
righteous,0,0,10,0
rightful,0,0,6,0
rightly,0,0,11,0
rigid,0,2,0,0
rigidity,0,1,0,0
rigor,1,1,0,0
rigorous,0,12,0,0
ringer,0,1,0,0
riot,43,43,0,0
ripe,0,0,4,0
rising,0,0,366,0
risk,2122,2122,0,0
risky,36,36,0,0
rivalry,0,6,0,0
rob,33,33,0,33
robber,3,3,0,0
robbery,4,4,0,4
robust,0,0,62,0
rock,0,0,63,0
rod,8,0,8,0
rogue,0,6,0,0
romance,11,0,11,11
romantic,0,0,2,0
romp,0,0,1,0
rooted,0,0,12,0
rosy,0,0,8,0
rot,11,11,0,11
rota,0,0,3,0
rotting,0,2,0,0
rout,0,3,0,0
routine,0,0,70,0
row,0,122,0,0
rowdy,0,4,0,0
royalty,0,0,5,0
rubbish,0,20,0,0
rubble,1,1,0,1
ruffle,0,1,0,0
rugged,0,1,0,0
ruin,30,30,0,30
ruined,38,38,0,38
ruinous,2,2,0,2
rule,139,0,0,0
rumor,0,12,0,12
runaway,0,5,0,5
rupture,3,3,0,3
ruse,0,2,0,0
rust,0,2,0,0
ruth,0,0,13,0
ruthless,5,5,0,0
sabotage,7,7,0,7
sacrifices,24,24,0,24
sadly,0,154,0,154
sadness,0,36,0,36
safe,0,0,2171,0
safeguard,0,0,33,0
sag,3,3,0,0
sage,0,0,29,0
saint,0,0,40,0
salary,0,0,37,0
salient,0,0,1,0
salute,0,0,28,0
salvation,0,0,8,0
samurai,3,0,3,0
sanctification,0,0,1,0
sanctuary,0,0,9,0
sanitary,0,0,21,0
sap,0,19,0,19
sarcasm,0,12,0,12
sardonic,0,1,0,0
satanic,0,4,0,0
satin,0,0,2,0
satisfactorily,0,0,2,0
satisfied,0,0,29,0
saturated,0,1,0,0
savage,6,6,0,0
save,0,0,630,0
savings,0,0,37,0
savor,0,0,2,2
savvy,0,0,4,0
scaffold,2,2,0,0
scandal,37,37,0,0
scandalous,0,3,0,0
scapegoat,12,12,0,0
scar,4,4,0,4
scarce,8,8,0,8
scarcely,0,2,0,2
scarcity,6,6,0,6
scare,93,93,0,0
scarecrow,2,2,2,0
scheme,0,122,0,0
schizophrenia,1,1,0,1
scholar,0,0,10,0
scholarship,0,0,9,0
scientific,0,0,206,0
scientist,0,0,102,0
scoff,0,1,0,0
scold,1,1,0,1
scolding,0,3,0,0
scorching,0,4,0,0
score,0,0,41,0
scorn,0,1,0,0
scotch,0,2,0,0
scoundrel,1,1,0,0
scourge,7,7,0,7
scrambling,0,16,0,0
scream,16,16,0,0
screaming,32,32,0,0
screwed,0,41,0,0
scrimmage,0,9,0,0
script,0,0,10,0
scrub,0,6,0,0
scrutinize,0,2,0,0
scrutiny,0,22,0,0
sculpture,0,0,5,0
scum,0,21,0,0
sea,0,0,69,0
seal,0,0,17,0
sear,0,1,0,0
seasoned,0,0,3,0
secluded,0,1,0,1
seclusion,1,1,1,0
secondhand,0,1,0,0
secretariat,0,0,14,0
secretive,0,2,0,0
sedition,0,1,0,1
seduce,0,1,0,0
seduction,0,1,0,0
segregate,0,1,0,1
segregated,0,1,0,0
seize,14,14,0,0
seizure,7,0,0,0
selfish,0,105,0,0
selfishness,0,24,0,0
senile,5,5,0,5
sensational,0,0,4,0
sense,0,0,337,0
senseless,3,3,0,3
sensibility,0,0,1,0
sensibly,0,0,3,0
sentence,34,34,0,34
sentimental,0,0,1,0
sentinel,0,0,6,0
sepsis,6,6,0,6
septic,0,1,0,0
serene,0,4,0,0
serenity,0,0,1,0
seriousness,19,0,0,19
sermon,0,0,10,0
serum,0,0,40,0
servant,0,12,0,0
serve,0,149,0,0
servile,1,1,0,1
servitude,0,1,0,0
setback,0,12,0,12
sever,0,7,0,0
sewage,0,20,0,0
sewerage,0,1,0,0
sex,0,0,125,0
shabby,0,2,0,0
shack,0,1,0,1
shady,6,6,0,0
shaking,25,25,0,0
shaky,4,4,0,0
sham,0,12,0,0
shambles,0,20,0,0
shame,160,160,0,160
shameful,0,38,0,38
shameless,0,12,0,0
shanghai,30,30,0,0
shape,0,0,60,0
share,0,0,937,0
shark,0,12,0,0
shattered,0,5,0,5
shed,0,25,0,0
shell,9,9,0,9
shelter,0,0,54,0
shelved,0,4,0,0
shepherd,0,0,9,0
shine,0,0,37,0
shining,0,0,23,0
shit,0,313,0,0
shock,98,98,0,0
shoddy,0,2,0,0
shoot,48,48,0,0
shooter,3,0,0,0
shooting,59,59,0,0
shopping,0,0,246,0
shortage,104,104,0,104
shortcoming,0,1,0,0
shot,153,153,0,153
shoulder,0,0,22,0
shove,0,10,0,0
shrill,2,2,0,0
shrink,11,11,0,11
shroud,0,0,0,1
shrunk,0,7,0,0
shudder,3,3,0,0
shun,0,9,0,9
sick,0,595,0,595
sickening,12,12,0,12
sickly,0,1,0,1
sickness,22,22,0,22
silk,0,0,4,0
silly,0,36,0,0
simplify,0,0,2,0
sin,31,31,0,31
sincere,0,0,19,0
sincerity,0,0,3,0
sinful,2,2,0,2
sing,0,0,37,37
sinister,5,5,0,0
sinner,2,2,0,2
sir,0,0,372,0
siren,6,6,0,0
sissy,0,1,0,0
skeptical,0,13,0,0
sketchy,0,1,0,0
skewed,0,3,0,0
skilled,0,0,30,0
skillful,0,0,1,0
skip,0,33,0,0
sky,0,0,58,0
slack,0,1,0,0
slag,0,1,0,0
slam,17,17,0,0
slander,0,4,0,0
slap,0,12,0,0
slate,0,0,8,0
slaughter,13,13,0,13
slaughterhouse,2,2,0,2
slaughtering,1,1,0,1
slave,10,10,0,10
slavery,13,13,0,13
slay,0,4,0,0
slayer,4,4,0,4
sleek,0,0,3,0
sleet,0,1,0,0
slim,0,0,13,0
slimy,0,3,0,0
slip,0,36,0,0
slop,0,1,0,0
sloppy,0,7,0,0
slowness,0,1,0,0
sluggish,0,8,0,8
slum,0,23,0,0
slump,0,24,0,24
slur,0,2,0,2
sly,1,1,0,0
smack,0,5,0,0
smash,9,9,0,0
smashed,0,9,0,0
smell,0,140,0,0
smelling,0,4,0,0
smile,0,0,95,0
smiling,0,0,31,0
smirk,0,1,0,0
smoker,0,3,0,0
smother,0,2,0,0
smudge,0,1,0,0
smug,0,5,0,0
smuggling,0,5,0,0
snag,0,3,0,0
snake,36,36,0,0
sneak,12,12,0,0
sneaking,6,6,0,0
sneeze,0,47,0,0
snide,0,1,0,0
snort,0,0,0,2
soak,0,1,0,0
sob,0,5,0,5
sobriety,0,0,4,0
socialism,19,0,0,0
socialist,29,29,0,29
soil,0,11,0,0
solace,0,0,5,0
soldier,0,0,22,22
solid,0,0,55,0
solution,0,0,263,0
solvency,0,0,1,0
somber,0,4,0,4
soothe,0,0,1,0
soothing,0,0,7,0
sore,0,27,0,27
sorely,0,3,0,3
soreness,0,1,0,1
sorrow,5,5,0,5
sorrowful,0,2,0,2
soulless,14,14,0,14
soulmate,1,1,0,0
soup,0,0,11,0
sour,0,9,0,0
spa,0,0,17,0
spacious,0,0,3,0
spank,2,2,0,2
sparkle,0,0,2,0
spasm,1,1,0,0
spat,0,12,0,0
spear,1,1,0,0
special,0,0,423,0
spectacle,0,1,1,0
specter,1,1,0,1
spectral,0,1,0,0
speculation,15,15,0,15
speech,0,0,116,0
speedy,0,0,149,0
spelling,0,0,2,0
spent,0,181,0,0
spice,0,0,14,0
spider,5,0,0,0
spike,1209,0,0,0
spine,0,8,8,0
spirit,0,0,85,0
spirits,0,0,13,0
spite,0,30,0,0
splendid,0,0,1,0
splendor,0,0,1,0
split,0,30,0,0
splitting,0,2,0,2
spoil,0,9,0,0
spoiler,0,6,0,6
spoke,0,163,0,0
sponge,0,5,0,0
sponsor,0,0,18,0
spotless,0,0,1,0
spouse,0,0,4,0
sprain,0,1,0,1
spree,0,11,0,0
spruce,0,0,6,0
spur,14,0,0,0
squatter,0,2,0,0
squirm,0,1,0,0
stab,4,4,0,4
stable,0,0,63,0
staggering,0,33,0,0
stagnant,0,9,0,9
stain,0,4,0,0
stainless,0,0,3,0
stale,0,4,0,0
stalk,1,1,0,0
stallion,0,0,1,0
stamina,0,0,4,0
standing,0,0,122,0
standoff,3,3,0,0
standstill,0,14,0,0
star,0,0,127,0
staring,0,9,0,0
stark,0,23,0,0
starry,0,0,1,0
starvation,10,10,0,10
starved,0,2,0,0
starving,0,14,0,0
statement,0,0,165,0
stationary,0,3,0,0
statue,0,0,9,0
status,0,0,391,0
staunch,0,0,3,0
stave,0,1,0,0
steadfast,0,0,4,0
steal,38,38,0,38
stealing,34,34,0,0
stellar,0,0,9,0
stereotype,0,1,0,0
sterile,0,4,0,4
sterility,0,4,0,0
sterling,0,6,6,0
stern,0,4,0,0
steward,0,0,2,0
stiff,0,4,0,0
stiffness,0,1,0,0
stifled,1,1,0,1
stigma,63,63,0,63
stillness,4,0,4,4
sting,7,7,0,0
stinging,0,1,0,0
stingy,1,1,0,1
stink,0,2,0,0
stinking,0,7,0,0
stint,1,1,0,1
stocks,0,91,0,0
stolen,0,28,0,0
stone,0,41,0,0
stoned,0,3,0,0
stools,0,1,0,0
store,0,0,254,0
storm,0,162,0,0
stormy,6,6,0,0
straightforward,0,0,10,0
strained,0,9,0,0
straits,9,9,0,0
stranded,0,54,0,0
stranger,8,8,0,0
strategic,0,0,64,0
strategist,0,0,10,0
stray,0,4,0,0
strength,0,0,105,0
strengthen,0,0,74,0
strengthening,0,0,38,0
stress,0,302,0,0
stretcher,1,0,0,1
stricken,0,0,0,11
strife,0,3,0,0
strike,0,87,0,0
striking,0,0,25,0
strikingly,0,0,3,0
strip,0,39,0,39
stripe,0,1,0,0
stripped,12,12,0,12
stroke,45,45,0,45
strongly,0,0,46,0
structure,0,0,36,0
struggle,103,103,0,103
strut,0,2,0,0
stud,0,0,17,0
study,0,0,1043,0
stuffy,0,3,0,0
stunned,7,7,0,0
stunted,0,1,0,0
stupid,0,343,0,0
stupidity,0,75,0,0
stupor,0,1,0,0
sty,0,1,0,0
subdue,0,5,0,0
subject,0,65,0,0
subjected,0,8,0,8
subjugation,1,1,0,1
subordinate,2,2,0,0
subpoena,0,3,0,0
subsidy,0,11,0,0
substance,0,0,13,0
substantive,0,0,1,0
subtract,0,1,0,0
subversion,1,1,0,0
subversive,0,2,0,0
subvert,2,2,0,2
succeed,0,0,30,0
succeeding,0,0,4,0
success,0,0,255,0
successful,0,0,192,0
succinct,0,0,4,0
succumb,0,39,0,0
suck,0,34,0,0
sucker,0,7,0,0
sue,0,44,0,44
suffer,0,103,0,0
sufferer,1,1,0,1
suffering,343,343,0,343
sufficiency,0,0,1,0
suffocation,3,3,0,0
sugar,0,0,28,0
suicidal,9,9,0,9
suicide,112,112,0,112
suitable,0,0,13,0
sultan,2,0,0,0
summons,0,4,0,0
sun,0,0,122,0
sunk,8,8,0,8
sunny,0,0,24,0
sunset,0,0,24,0
sunshine,0,0,35,0
superb,0,0,14,0
superficial,0,1,0,0
superfluous,0,1,0,0
superior,0,0,19,0
superiority,0,0,2,0
superman,0,0,3,0
superstar,0,0,20,0
superstitious,1,1,0,0
supplies,0,0,148,0
supply,0,0,297,0
supported,0,0,124,0
supporter,0,0,29,0
supporting,0,0,286,0
suppress,37,37,0,37
suppression,31,31,0,0
supremacy,6,6,6,0
supreme,0,0,105,0
supremely,0,0,1,0
surcharge,0,3,0,0
surety,0,0,1,0
surgery,86,0,0,86
surpassing,0,0,18,0
surprise,143,0,143,0
surrender,15,15,0,15
surround,0,11,11,0
surveillance,79,0,0,0
survive,0,0,234,0
susceptible,0,42,0,0
suspect,60,60,0,0
suspense,8,0,0,0
suspension,40,40,0,0
suspicion,8,8,0,0
suspicious,0,21,0,0
swab,0,91,0,0
swamp,9,9,0,0
swastika,2,2,0,0
swear,0,0,19,0
sweat,14,0,0,0
sweet,0,0,65,0
sweetheart,0,0,3,3
sweetie,0,0,7,0
sweetness,0,0,3,0
sweets,0,0,3,0
swelling,1,1,0,0
swift,0,0,24,0
swim,25,0,25,0
swine,0,32,0,0
symbolic,0,0,1,0
sympathetic,3,0,3,3
sympathize,0,0,0,1
sympathy,0,0,23,23
symphony,0,0,4,0
symptom,0,73,0,0
synergistic,0,0,1,0
synonymous,2,2,2,0
syringe,5,0,0,0
taboo,3,3,0,0
tact,0,0,1,0
tactics,36,0,0,0
taint,0,1,0,1
tale,0,0,22,0
talent,0,0,67,0
talk,0,0,588,0
talons,1,1,0,0
tangled,0,2,0,0
tanned,0,0,2,0
tardy,0,1,0,0
tariff,0,5,0,0
task,0,0,153,0
tasty,0,0,4,0
taunt,4,4,0,4
tax,0,263,0,263
teach,0,0,127,0
teacher,0,0,192,0
tearful,1,0,0,1
tease,0,4,0,4
technology,0,0,459,0
tedious,0,2,0,0
teens,0,57,57,0
tempered,0,0,4,0
temptation,0,1,0,0
tenacious,0,0,1,0
tenacity,0,0,3,0
tenancy,0,0,2,0
tenant,0,0,13,0
tender,0,0,21,0
terminal,22,22,0,22
terminate,0,0,0,5
termination,0,2,0,2
terrible,231,231,0,231
terribly,0,0,0,14
terrific,0,0,0,17
terror,21,21,0,0
terrorism,36,36,0,36
terrorist,27,27,0,27
terrorize,2,2,0,2
tetanus,0,1,0,0
tether,0,2,0,0
thankful,0,0,59,0
thanksgiving,0,0,16,0
theft,21,21,0,21
theoretical,0,0,1,0
therapeutic,0,0,22,0
therapeutics,0,0,39,0
thief,12,12,0,12
thinker,0,0,2,0
thirst,0,0,0,3
thirsty,0,1,0,0
thorn,0,1,0,0
thorny,1,1,0,0
thoughtful,0,0,31,0
thoughtless,0,2,0,0
threat,271,271,0,0
threaten,41,41,0,0
threatening,63,63,0,0
thresh,3,3,0,3
thrift,0,0,6,0
thrill,2,0,2,0
thrilling,0,0,3,0
thriving,0,0,26,0
throne,0,0,2,0
thug,3,3,0,0
thumping,1,0,0,0
thwart,0,6,0,0
tickle,0,0,2,0
tiff,0,1,0,0
timely,0,0,92,0
tipsy,0,1,0,0
tirade,0,3,0,0
tired,0,168,0,0
tiredness,0,4,0,0
tit,0,3,0,0
title,0,0,66,0
toad,0,2,0,0
toast,0,0,9,0
tobacco,0,29,0,0
toilet,0,50,0,0
tolerant,0,0,1,0
tolerate,0,10,0,10
toleration,0,0,1,0
tomb,0,0,0,1
toothache,2,2,0,0
top,0,0,1051,0
torment,1,1,0,1
torn,0,13,0,0
tornado,5,0,0,0
torpedo,0,1,0,0
torrent,4,0,0,0
tort,0,2,0,0
torture,12,12,0,12
touched,0,33,0,0
tough,0,223,0,223
toughness,1,0,1,0
tower,0,0,21,0
toxic,0,70,0,0
tract,6,0,0,0
traditional,0,0,91,0
tragedy,61,61,0,61
tragic,0,71,0,0
traitor,25,25,0,25
tranquil,0,0,3,0
tranquility,0,0,1,0
transcendental,0,0,1,0
traps,0,6,0,0
trash,0,43,0,43
trashy,0,1,0,0
traumatic,5,5,0,5
traveling,0,0,99,0
travesty,9,9,0,9
treacherous,5,5,0,0
treachery,1,1,0,1
treason,15,15,0,0
treasure,0,0,28,0
treat,306,306,306,306
tree,0,0,52,0
trembling,1,1,0,0
tremendously,0,0,8,0
tremor,5,5,0,5
trend,0,0,226,0
trendy,0,0,13,0
trepidation,2,2,0,0
tribulation,1,1,0,1
tribunal,4,4,0,0
tribute,0,0,53,0
trick,0,24,0,0
trickery,1,1,0,1
tripping,0,2,0,2
triumph,0,0,3,0
troll,20,20,0,0
trophy,0,0,9,0
troublesome,2,2,0,0
truce,0,0,3,0
true,0,0,512,0
trumpet,0,2,0,0
trusty,0,0,1,0
truth,0,0,474,0
truthfulness,0,0,1,0
tumble,0,4,0,0
tumor,4,4,0,0
tumour,2,2,0,2
tumult,1,1,0,0
tumultuous,5,5,0,0
turbulence,5,5,0,0
turbulent,9,9,0,0
turmoil,13,13,0,13
tutor,0,0,4,0
twin,0,0,26,0
twinkle,0,0,5,0
twitch,0,46,0,0
typhoon,1,1,0,0
tyrannical,14,14,0,0
tyranny,29,29,0,29
tyrant,8,8,0,8
ugly,0,44,0,0
ulcer,1,1,0,1
ultimate,0,0,0,34
ultimately,0,0,31,0
ultimatum,3,3,0,0
umpire,0,0,4,0
unable,0,88,0,88
unacceptable,0,47,0,47
unanimous,0,0,2,0
unavoidable,0,5,0,0
unaware,0,11,0,0
unbearable,0,4,0,4
unbeaten,0,1,1,1
unbelievable,0,45,0,0
unbiased,0,0,5,0
unborn,0,5,0,0
unbreakable,0,0,1,0
unbridled,1,1,1,0
uncanny,1,1,0,0
uncaring,0,2,0,2
uncertain,79,79,0,0
unclean,0,2,0,0
uncomfortable,0,22,0,0
unconscionable,0,10,0,0
unconscious,0,4,0,0
unconstitutional,0,10,0,0
uncontrollable,0,2,0,0
uncontrolled,0,14,0,0
undecided,1,1,0,0
underline,0,0,2,0
undermined,0,8,0,0
underpaid,0,6,0,6
understanding,0,0,184,0
undertaker,0,0,0,2
undesirable,2,2,0,2
undivided,0,0,1,0
undo,0,4,0,0
undying,0,0,1,1
uneasiness,0,1,0,1
uneasy,8,8,0,0
uneducated,0,6,0,6
unemployed,128,128,0,128
unequal,14,14,0,14
unequivocally,0,0,3,0
uneven,0,2,0,0
unexpected,27,27,27,0
unexplained,0,1,0,1
unfair,0,24,0,24
unfaithful,0,1,0,0
unfavorable,0,2,0,2
unfinished,0,1,0,0
unfold,0,0,9,0
unforgiving,0,2,0,2
unfortunate,0,57,0,57
unfriendly,1,1,0,1
ungrateful,0,1,0,0
unhappy,0,19,0,19
unhealthy,23,23,0,23
unholy,1,1,0,0
unification,0,0,1,0
unimaginable,0,11,11,0
unimpressed,0,1,0,0
uninfected,0,0,2,0
uninformed,0,4,0,0
unintentionally,0,4,0,0
uninterested,0,2,0,2
unique,0,0,145,0
unison,0,0,4,0
united,0,0,580,0
unity,0,0,33,0
university,0,0,479,0
unjust,0,9,0,0
unjustified,0,6,0,0
unknown,75,75,0,0
unlawful,6,6,0,6
unlicensed,0,1,0,0
unlimited,0,0,26,0
unlucky,4,4,0,4
unmanageable,0,1,0,0
unnatural,2,2,0,0
unofficial,0,9,0,0
unpaid,0,28,0,28
unpleasant,0,9,0,9
unpopular,0,17,0,17
unpredictable,0,13,0,0
unprepared,0,14,0,0
unproductive,0,2,0,0
unprofitable,0,1,0,0
unprotected,0,7,0,0
unpublished,0,1,0,1
unquestionably,0,0,1,0
unreliable,0,13,0,0
unrest,23,0,0,23
unruly,2,2,0,0
unsafe,55,55,0,0
unscathed,0,0,3,0
unscrupulous,0,3,0,0
unselfish,0,0,2,0
unsettled,1,1,0,0
unstable,4,4,0,0
unsuccessful,0,1,0,1
unsung,0,12,0,0
unsupported,0,1,0,0
unsustainable,0,5,0,0
unsympathetic,0,21,0,0
untamed,0,1,0,0
untenable,0,2,0,0
unthinkable,4,4,0,0
untimely,0,6,0,0
untitled,0,2,0,2
untold,0,9,0,0
untrue,0,10,0,0
unwarranted,0,2,0,0
unwashed,0,3,0,0
unwavering,0,0,6,0
unwelcome,0,3,0,3
unwell,0,26,0,26
unwillingness,0,4,0,0
unwise,0,2,0,0
unworthy,0,1,0,0
upheaval,12,12,0,12
uphill,8,8,8,0
uplift,0,0,3,0
upright,0,0,1,0
uprising,5,5,0,0
uproar,0,5,0,0
upset,0,59,0,59
urchin,0,1,0,0
urgency,34,0,0,0
urgent,190,190,0,0
urn,0,0,0,1
usefulness,0,0,4,0
useless,0,90,0,0
usher,0,0,9,0
usual,0,0,122,0
usury,0,1,0,0
utility,0,0,23,0
utopian,0,0,4,0
vacancy,0,5,0,0
vacation,0,0,99,0
vaccine,0,0,3551,0
vacuous,0,3,0,0
vague,0,12,0,0
valiant,0,0,2,0
validity,10,0,0,0
valuable,0,0,61,0
vampire,2,2,0,0
vanguard,0,0,4,0
vanished,6,6,0,6
vanity,0,12,0,0
veer,3,0,0,0
velvet,0,0,1,0
vendetta,4,4,0,4
venerable,0,0,1,0
vengeance,0,2,0,0
venom,1,1,0,0
venomous,2,2,0,0
veracity,0,0,1,0
verdict,9,0,0,0
verge,17,17,0,0
verification,0,0,8,0
verified,0,0,66,0
vermin,3,3,0,0
versus,0,38,0,0
veteran,0,0,65,0
veto,0,1,0,0
vice,0,67,0,0
vicious,0,8,0,0
victim,82,82,0,82
victimized,1,1,0,1
victor,0,0,9,0
victorious,0,0,2,0
victory,0,0,43,0
vigilance,0,0,11,0
vigilant,80,0,80,0
vigor,0,0,1,0
vigorous,0,0,3,0
villain,15,15,0,0
villainous,1,1,0,0
vindicated,0,0,1,0
vindication,0,0,2,0
vindictive,0,1,0,0
violation,51,51,0,51
violence,222,222,0,222
violent,48,48,0,0
violently,1,1,0,1
viper,1,1,0,0
virgin,0,0,31,0
virginity,0,0,2,0
virtue,0,0,7,0
virtuous,0,0,4,0
virulence,1,1,0,0
virus,0,2886,0,0
vision,0,0,69,0
visionary,0,0,13,0
visit,0,0,629,0
visitation,0,9,0,0
visitor,0,0,25,0
vital,0,0,215,0
vitality,0,0,4,0
vivid,0,0,4,0
vixen,0,1,0,0
vocabulary,0,0,5,0
volatility,14,14,0,0
volcano,9,9,0,0
volunteer,102,0,102,0
voluptuous,0,0,1,0
vomiting,0,4,0,0
voodoo,0,1,0,0
vote,0,500,500,500
vouch,0,0,2,0
vow,0,0,8,0
vulgar,0,2,0,0
vulnerability,26,26,0,26
vulture,1,1,0,0
waffle,0,1,0,1
wages,0,0,32,0
wait,0,442,0,0
wallow,0,3,0,3
wan,25,25,0,25
wane,0,3,0,3
war,330,330,0,0
warden,1,1,0,0
ware,3,3,0,0
warfare,19,19,0,19
warn,89,89,0,0
warned,124,0,0,0
warning,224,0,0,0
warp,0,20,0,20
warped,0,2,0,0
warranty,0,0,3,0
warrior,24,0,24,0
wary,17,0,0,0
waste,0,129,0,0
wasted,0,32,0,0
wasting,34,34,0,34
watch,1486,0,0,0
watchdog,0,0,10,0
watchful,0,0,1,0
watchman,0,0,2,0
waterproof,0,0,5,0
waver,4,4,0,0
weakened,0,10,0,0
weakly,2,2,0,2
weakness,0,15,0,0
wealth,0,0,90,0
wear,0,1935,0,0
weariness,0,2,0,2
weary,0,10,0,10
weeds,0,3,0,3
weep,0,5,0,5
weeping,0,0,0,2
weight,101,101,101,101
weird,0,87,0,0
weirdo,2,2,0,0
welcomed,0,0,32,0
wen,0,15,0,0
whack,0,5,0,0
whine,0,5,0,5
whip,0,5,0,0
whisky,0,4,0,0
white,0,0,468,0
whiteness,0,0,1,0
wholesome,0,0,3,0
whore,0,3,0,0
wicked,13,13,0,0
wickedness,0,1,0,0
wicket,0,0,1,0
widespread,0,0,106,0
widow,0,0,0,7
wild,0,75,0,0
wilderness,5,0,0,5
wildfire,25,25,0,25
willful,0,8,0,8
willingly,0,0,10,0
willingness,0,0,15,0
windfall,0,0,2,0
winner,0,0,40,0
winning,0,0,142,142
winnings,0,0,2,0
wireless,0,0,7,0
wis,0,0,11,0
wisdom,0,0,81,0
wise,0,0,198,0
wit,0,0,142,0
witch,17,17,0,0
witchcraft,2,2,0,2
withdraw,0,8,0,8
withstand,6,0,6,0
wits,0,0,6,0
witty,0,0,2,0
wizard,0,0,1,0
woe,5,5,0,5
woeful,0,5,0,5
woefully,0,7,0,7
womb,0,0,4,0
wonderful,0,0,154,0
wonderfully,0,0,3,0
wondrous,0,0,1,0
word,0,0,228,0
words,0,267,0,0
worm,0,6,0,0
worn,0,80,0,80
worried,0,213,0,213
worry,241,241,0,241
worrying,86,86,0,86
worse,383,383,0,383
worsening,0,29,0,29
worship,108,0,108,0
worth,0,0,325,0
worthless,0,24,0,24
worthy,0,0,28,0
wot,0,0,2,0
wound,10,10,0,10
wrath,9,9,0,0
wreak,0,4,0,0
wreck,20,20,0,20
wrecked,9,9,0,9
wrench,0,1,0,0
wrestling,0,17,0,0
wrinkled,0,0,0,1
writer,0,0,50,0
wrong,0,440,0,0
wrongful,0,4,0,4
wrongly,7,7,0,7
wrought,0,3,0,0
xenophobia,11,11,0,0
yawn,0,3,0,0
yearning,0,4,4,0
yell,10,10,0,0
yelp,6,6,0,0
youth,422,0,422,0
zeal,0,0,3,0
zealous,0,0,2,0
zip,0,19,0,0
